RT,SR,A1,T1,AD,FD,ID,CL,AB,DB,LA,DS
Patent,1,皮德义;尉长虹;张鑫;杜恺;王增奎,一种基于石墨烯传感器的自校正系统,100102 北京市朝阳区望京科技创业园E座513A,2016-02-03,CN205017306U,实用新型,"本申请提供一种基于石墨烯传感器的自校正系统,包括电源、石墨烯传感器、用于将所述石墨烯传感器发生形变的形变信息转换为模拟信号的压电转换电路、用于将所述模拟信号转换为数字信号的模数转换器、以及微控制器；其中,微控制器的一端与模数转换器的输出端连接,另一端与压电转换电路连接,用于依据模数转换器输出的数字信号控制调节压电转换电路的阻值大小,以控制调节模数转换器输出的数字信号满足阈值条件。本申请保证了模数转换器具有最大的动态范围,且使得模数转换器具有最好的线性度,提高了后续电路处理数据的准确性。",中国专利,,CNKI
Patent,1,杨秋香,一种石墨烯增强的钙钛矿太阳能电池及其制备方法,528248 广东省佛山市南海区大沥镇浔峰洲路8号中山大学附属外国语学校,2016-02-03,CN105304820A,发明专利,"本发明公开了一种石墨烯增强的钙钛矿太阳能电池及其制备方法。该钙钛矿太阳能电池包括依次层叠的透光／透明电极层、电子传输层、吸光层、电子吸收层、空穴传输层和顶电极,其中：所述吸光层为具有钙钛矿结构的材料;所述电子吸收层是由石墨烯与氧化石墨烯构成;所述空穴传输层由三元氧化物构成,所述顶电极由导电性能良好的材料构成。本发明有效地利用了钙钛矿材料的性能,将钙钛矿太阳能电池的光电转化效率达到了17%以上,适于批量生产。",中国专利,,CNKI
Patent,1,欧宝立;李政峰,一种氧化石墨烯/螺吡喃纳米复合材料的制备方法,411201 湖南省湘潭市雨湖区石码头2号,2016-02-03,CN105295890A,发明专利,"本发明公开了一种氧化石墨烯/螺吡喃纳米复合材料的制备方法。首先将氧化石墨烯与甲苯二异氰酸酯分散在无水甲苯中,在一定条件下反应一段时间得到接枝甲苯二异氰酸酯的氧化石墨烯；然后将步骤(1)反应所得产物与螺吡喃溶解在无水甲苯中,再在一定条件下反应得到氧化石墨烯/螺吡喃纳米复合材料。本发明中所制备的氧化石墨烯/螺吡喃纳米复合材料性能改良效果明显,光致变色性能稳定且荧光性显著增强。而利用甲苯-二异氰酸酯作为连接剂,所制备的复合材料性能稳定。此外,通过两步法制备高分子纳米复合材料,工艺简易、制备迅速、反应十分高效,适用于工业化生产。",中国专利,,CNKI
Patent,1,吴云,一种可避免有机污染的CVD石墨烯FET器件制造方法,210016 江苏省南京市中山东路524号,2016-02-10,CN105321808A,发明专利,"本发明是一种可避免有机污染的CVD石墨烯FET器件制造方法,其特征在于将Au膜辅助剥离技术同自对准技术结合。优点：避免了转移过程及FET器件流程中带入的有机污染,利于减小金属和石墨烯之间的接触电阻,同时降低沟道区石墨烯受到来自残留胶的散射和电子捕获；同时以Au为转移载体可同湿法腐蚀自对准工艺完美兼容,在避免有机污染的同时可实现控制栅-源间距以减小沟道两端寄生电阻,利于提升石墨烯场效应晶体管的频率性能。",中国专利,,CNKI
Patent,1,韩生;喻宁波;陈言伟;刘金宝;卢德力;祝俊,一种高度有序多孔的石墨烯/聚苯胺复合材料及其制备方法,200235 上海市徐汇区漕宝路120-121号,2016-04-20,CN105504277A,发明专利,"本发明公开了一种高度有序多孔的石墨烯/聚苯胺复合材料及其制备方法。该方法在冰浴的条件下,通过控制体系的pH,使苯胺单体在氧化石墨烯原位生长,得到有序的聚苯胺纳米线阵列,并且通过加入适当的表面活性剂作为软模板,使得石墨烯基体形成了有序的多孔结构。本发明制备方法简便,原料便宜,并且重复性好。制备得到的材料具有高度有序的三维多孔结构,比表面积大；另外,这种材料还具备导电性高、柔性好,内阻小,电化学性质稳定等优点。特别是作为超级电容器性能时,显示出良好的电化学性能和电化学稳定性,在电流密度为1A/g时,比电容量达到485F/g,充放电5000次之后,容量依然能够保持90％。",中国专利,,CNKI
Patent,1,唐一林;张金柱;王双成;彭文杰;刘顶,一种含有石墨烯的复合聚氨酯泡沫、制备方法和用途,115000 辽宁省营口市鲅鱼圈区,2016-04-20,CN105504785A,发明专利,"本发明涉及一种含有石墨烯的复合聚氨酯泡沫,所述聚氨酯泡沫中含有石墨烯；所述石墨烯是通过碳纳米结构复合物的形式引入；所述碳纳米结构复合物中包括石墨烯,以及SP3杂化结构的碳。本发明通过选用特定的碳纳米结构复合物,实现了只需要将其与聚醚多元醇简单混合,然后与多异氰酸酯聚合即可实现对聚氨酯的复合的目的,省略了对碳纳米结构复合物进行复合的步骤,工艺简单,与现有设备无缝连接。",中国专利,,CNKI
Patent,1,夏和生;廖述驰,石墨烯纳米粒子复合气凝胶微球及其制备方法,610065 四川省成都市武侯区一环路南一段24号,2016-04-20,CN105498649A,发明专利,"本发明涉及石墨烯纳米粒子复合气凝胶微球及其制备方法,属于功能材料领域,由以下原料按照重量份数组成：去离子水100份,氧化石墨0.05-1.5份,纳米粒子0.1-5份。原料混合后经1600W超声辐照60-180min制备成氧化石墨烯纳米粒子分散液,通过喷雾法将氧化石墨烯纳米粒子水分散液雾化成氧化石墨烯纳米粒子液滴微球,并置于冷却浴中的接收液收集,过滤得到氧化石墨烯纳米粒子冰微球,冷冻干燥后获得氧化石墨烯纳米粒子复合气凝胶微球；再通过热还原法或化学还原法得到石墨烯纳米粒子复合气凝胶微球。产品大小较为均一,具有多孔网络结构,同时均匀地负载了金属/无机纳米粒子,质量轻密度小。同时制备方法容易操作,简单...",中国专利,,CNKI
Patent,1,彭雁;杜桂香,三维石墨烯包覆单粒子纳米金刚石的纯化方法及系统,201203 上海市浦东新区上海市张江高科技园区芳春路400号1幢3层301-442室,2016-04-20,CN105502332A,发明专利,"本发明提供了一种三维石墨烯包覆单粒子纳米金刚石的纯化方法及系统,对制备好的三维石墨烯包覆单粒子纳米金刚石的混合物进行纯化；通过对现有工艺进行优化设计,将混合物依次经历磁分离、酸化、氧化、碱化和重液分离过程,从而可以去除混合溶液中的金属杂质或金属离子、硅和不定形碳等杂质,达到纯化的目的,在避免大量地反复分离造成生产成本的增加的同时,显著提高了纯化率；进一步地整个纯化过程可以在常温常压条件下采用酸、碱性较小的溶液进行,避免了大量了重复过程,简化了工艺步骤,缩短了工艺时间,克服了现有的强酸、强碱以及高温高压环境重复振荡反应造成设备寿命的缩短的问题,延长了设备的使用寿命,节约了成本。",中国专利,,CNKI
Patent,1,宋勃;张昕,一种高分散、高固含量石墨烯-活性炭浆料的制备方法和应用,213149 江苏省常州市武进经发区腾龙路2号(西太湖国际智慧园),2016-04-20,CN105502336A,发明专利,"本发明提供了一种高分散、高固含量石墨烯-活性炭浆料的制备方法和应用。主要利用纳米尺度氧化石墨烯与原始石墨烯粉体易结合而不易分开的特点,使石墨烯粉体具有亲水性特点,而一定添加量的纳米尺度的氧化石墨烯粉体不会对石墨烯粉体的性能产生明显的影响,在制备高固含量的石墨烯与活性炭混合浆料时,使石墨烯粉体均匀分散在活性炭浆料中,不出现分层现象。本发明方法制备的浆料具有高分散性和高固含量,可应用于超级电容器制备,具有重要的理论和实际意义。",中国专利,,CNKI
Patent,1,杨云胜;杨星;郭颢;蒋伟良,石墨烯的制备方法及在电池中的应用,212300 江苏省镇江市丹阳市西环路58号,2016-04-20,CN105502347A,发明专利,"石墨烯的制备方法及在电池中的应用,以质量份计,包括以下步骤：1)组分配比、2)干混形成半粉体物料、3)模压成圆柱坯体、4)挤压成棒状毛坯。本发明,使用石墨烯材料作为一次电池中的正极材料与二次电池中的负极材料,大大提高了一次电池的电池寿命,质量较轻,稳定性较好；大大提高了二次电池的电池寿命,并提高了充电效率。",中国专利,,CNKI
Patent,1,彭雁;杜桂香,三维石墨烯包覆单粒子纳米金刚石材料的纯化过程中的碱化方法,201203 上海市浦东新区张江高科技园区芳春路400号1幢3层301-442室,2016-04-20,CN105502349A,发明专利,"本发明提供了一种三维石墨烯包覆单粒子纳米金刚石材料的纯化过程中的碱化方法,应用在混合物经历磁分离、酸化、氧化、碱化和重液分离过程中,在碱化过程中,采用碱性较小的碱性溶液来进行碱化处理,在碱化之后采用过滤设备并结合纯净水对碱化的混合溶液过滤清洗,从而可以去除混合物中的硅杂质,为后续的进一步纯化提供了有利条件；本发明的碱化方法,由于采用碱性较小的碱性溶液,并结合较少的工艺步骤,避免了大量的反复的间歇性过滤清洗,可以减小对碱化设备的腐蚀损伤,延长其使用寿命,节约了成本；并且,有效地去除了混合物中的硅杂质,提高了纯化率。",中国专利,,CNKI
Patent,1,闵永刚;申佳欣;刘屹东;莫申斌;张栋,一种氧化石墨烯离子液复合薄膜及其制备方法,210038 江苏省南京市栖霞区新港开发区恒达路3号紫金科创高通特别社区,2016-04-20,CN105502350A,发明专利,"本发明属于石墨烯复合材料技术领域,具体涉及一种氧化石墨烯离子液复合薄膜及其制备方法,包括：将氧化石墨烯水溶液加入离子液溶液中,得到氧化石墨烯与离子液共混溶液,并将其抽滤,滤干后,得到氧化石墨烯与离子液的复合薄膜。该方法操作简单,成本低廉,获得产品具有高机械性能,产品性能优异,并且可以实现大量生产,具有广泛的应用前景。",中国专利,,CNKI
Patent,1,莫越奇,一种可溶性石墨烯纳米带及其合成方法与应用,510640 广东省广州市天河区五山路381号,2016-04-20,CN105502351A,发明专利,"本发明属于功能材料技术领域,公开了一种可溶性石墨烯纳米带及其合成方法与应用。所述合成方法为：2,6-二溴-4-硝基苯胺和烷基/烷氧基芳基硼酸进行Suzuki偶联反应,得2,6-二(4-烷基/烷氧基苯)-4-硝基苯胺,再还原得到2,6-二(4-烷基/烷氧基苯)-1,4-苯二胺,再进行卤代反应得到2,6-二(4-烷基/烷氧基苯)-1,4-二溴/碘苯,然后经Miyaura硼酸酯化反应得到2,6-二(4-烷基/烷氧基苯)-4-ﾇ鼓糯寂鹚狨ﾥ-1-溴/碘苯；再经Suzuki偶联反应生成聚对苯衍生物,氧化脱氢得到。所述可溶性石墨烯纳米带可应用于场效应晶体管、光伏电池、非线性光学和传感领域。",中国专利,,CNKI
Patent,1,王小英;李晓云;孙润仓;叶伟杰;陈伟敏,一种多孔石墨烯和石墨烯量子点及其绿色制备方法,510640 广东省广州市天河区五山路381号,2016-04-20,CN105502352A,发明专利,"本发明公开了一种多孔石墨烯和石墨烯量子点及其绿色制备方法。所述方法为：将石墨原料加入壳聚糖的醋酸水溶液中,以壳聚糖作为剥离剂,经过超声处理,离心沉淀得多孔石墨烯,离心上清液透析为石墨烯量子点。得到的多孔石墨烯不仅层数较少,而且片层横向尺寸较大；得到的石墨烯量子点不仅分散性好,而且粒径分布均一。与现有技术相比,由于本发明中只使用了超声处理,制备方法简单易行；由于使用石墨作为原料,制备的多孔石墨烯和石墨烯量子点的石墨化程度高。所得到的多孔石墨烯可以作为反向基因转染的载体,石墨烯量子点可以用于细胞成像。",中国专利,,CNKI
Patent,1,邓克勤;周建红;李春香,一种包裹型单层氧化石墨烯/碳纳米管复合物及其制备方法,411201 湖南省湘潭市雨湖区石马头2号,2016-04-20,CN105502353A,发明专利,"本发明公开了一种包裹型单层氧化石墨烯/碳纳米管复合物及其制备方法,该复合物呈现为微粒形式,该复合物微粒具有以单层氧化石墨烯纳米片为“壳”和以酸化、切割的碳纳米管为“核”的核-壳式包裹结构,或该复合物微粒具有以单个的单层氧化石墨烯纳米片为“饺子皮”和以酸化、切割的碳纳米管为“饺子馅”的封闭式“饺子”状包裹结构。本发明的方案具有简单方便、易于操作的特点。因氧化石墨烯片层的弯曲和表面所负电荷,所获得的复合材料能高度分散,不易团聚和结块,易于储存,同时它还容易还原制得石墨烯/碳纳米管复合材料。对于这种包裹型的新型特殊结构,有理论研究已证明它具有极强的导电性和机械性能。",中国专利,,CNKI
Patent,1,王允强;靳建光;盛伟,一种石墨烯纤维的新型还原方法,242300 安徽省宣城市宁国市港口生态工业园区经三路南侧,2016-04-20,CN105502354A,发明专利,"本发明公开了一种石墨烯纤维的新型还原方法,涉及石墨烯技术领域,本发明包括以下步骤：高纯鳞片石墨经过首次氧化形成膨胀石墨,再经过第二次氧化得到氧化石墨烯溶液,浓缩后得到氧化石墨烯溶胶,经纺丝装置得到氧化石墨烯纤维,最后将氧化石墨烯纤维放入含有还原物质的高温高压反应釜中。所述还原物质为氢卤酸、金属氢化物、水合肼、维生素C中的一种；所述还原反应釜抗腐蚀,耐高温高压。本发明还原高效、工艺简单、成本低廉,还原物质可以重复使用,不污染环境,经还原后的石墨烯纤维导电性能好,拉升强度高,柔韧性好。",中国专利,,CNKI
Patent,1,唐志红;李晓东;杨俊和,高电化学性能氮掺杂褶皱石墨烯及其制备方法,200093 上海市杨浦区军工路516号,2016-04-20,CN105502355A,发明专利,"高电化学性能氮掺杂褶皱石墨烯及其制备方法。该方法包括：将氧化石墨烯和含氮化合物配制成均匀混合液；将混合液雾化并加热以使混合液中的溶剂挥发而得到氮化合物/褶皱氧化石墨烯粉末；及对所得氮化合物/褶皱氧化石墨烯粉末进行热处理以得到高电化学性能氮掺杂褶皱石墨烯粉末产品,其中热处理温度为400℃至1500℃,升温速度为5-100℃/s,热处理时间为5秒钟至0.5小时。本发明通过将褶皱氧化石墨烯进行上述快速热处理,不仅可以大大缩短制备含氮掺杂褶皱石墨烯产品的周期,同时可以得到具有高电化学性能褶皱石墨烯产品,并且节约成本。",中国专利,,CNKI
Patent,1,杨志;徐明瀚;郭艳珍;胡南滔;张亚非,一种sp2杂化的碳材料制备石墨烯量子点的方法,200240 上海市闵行区东川路800号,2016-04-20,CN105502356A,发明专利,"本发明公开了一种sp2杂化的碳材料制备石墨烯量子点的方法。将sp2杂化的碳材料置于一定量的硝酸溶液中,先超声和回流一段时间,然后经过中和、离心、过滤,再透析处理的过程,得到石墨烯量子点。本方法利用的sp2杂化的碳材料扩大了制备石墨烯量子点的原料选材范围,利用硝酸处理制备石墨烯量子点是一种新颖途径,可以用于大量制备和工业化生产,是一种非常有前景的方法。",中国专利,,CNKI
Patent,1,陈庆;曾军堂;叶任海;陈兵,一种机械剥离制备石墨烯专用剥离剂及制备方法,610091 四川省成都市青羊区蛟龙工业港东海路4座,2016-04-20,CN105502357A,发明专利,"本发明公开了一种机械剥离制备石墨烯专用剥离剂及制备方法,包括：重量百分比25~35%的复合纳米微粒,1~5%的分散剂和60~74%的去离子水,其中,所述复合纳米微粒由金属或金属氧化物纳米粉为主体,外面包裹着氧化石墨烯,氧化石墨烯上接枝氨基基团的结构构成。该方法提供了一种即能够有效地扩大石墨层间距,无污染地剥离石墨,还能够阻止石墨烯团聚的机械剥离制备石墨烯专用剥离剂。",中国专利,,CNKI
Patent,1,陈庆;曾军堂;叶任海;陈兵,一种通过自聚合剥离石墨材料制备石墨烯的方法,610091 四川省成都市青羊区蛟龙工业港东海路4座,2016-04-20,CN105502358A,发明专利,"本发明公开了一种通过自聚合剥离石墨材料制备石墨烯的方法,该方法采用溶于溶剂的功能单体被溶剂输送到石墨层与层之间,再加入聚合反应引发剂,将功能单体通过自发聚合反应在石墨层间原位获得聚合高分子,增大石墨层间距离,降低石墨层间作用力,而后通过施加剪切力作用于石墨高分子混合物,将石墨剥离,之后通过解聚反应,将聚合高分子还原成功能单体,再次溶解于溶剂中,获得石墨烯。本发明提供上述方法,减少了剥离剂的分离过程,也使得功能单体可以重复使用,降低了生产成本。",中国专利,,CNKI
Patent,1,林起浪;王康;张新奇,一种低成本多孔石墨烯的制备方法,350108 福建省福州市闽侯县上街镇大学城学园路2号福州大学新区,2016-04-20,CN105502359A,发明专利,"本发明属于高性能碳素材料领域,具体涉及一种低成本多孔石墨烯的制备方法。通过采用价格低廉的炭前驱体与添加剂为原料,通过原料混合、低温炭化、酸洗工艺来制备多孔石墨烯。本发明的优点在于：工艺简单、成本低廉、易产业化推广；所制备的多孔石墨烯纯度高、结构缺陷少,孔径分布均匀。",中国专利,,CNKI
Patent,1,李盛明,一种石墨烯复合材料,266700 山东省青岛市平度市同和街道办事处圣达路5号,2016-04-13,CN105482340A,发明专利,"本发明公开了一种石墨烯复合材料,由以下重量份数的原料组成：石墨烯20-25份、硅0.5-1份、铁3-5份、铝0.2-0.6份、锰2-4份、铬0.1-0.3份、钴0.05-0.08份、羧甲基化纤维素0.5-1份、聚丙烯酰胺1-3份、钾盐5-7份、二氧化硅7-15份、二氧化钛5-10份、氧化铜0.5-2份。本发明化学稳定性好、硬度大、比表面积大、成本低,应用广泛。",中国专利,,CNKI
Patent,1,孙海斌;刘江峰;马玉娟;罗永松;许军旗;娄志恒,制备单晶双层石墨烯的方法,464000 河南省信阳市ﾛ负忧ぐ猜ﾷ237号,2016-04-13,CN105483824A,发明专利,"本发明公开了一种制备单晶双层石墨烯的方法,包括以下步骤：a)将铜催化剂放入反应器中,并向反应器中通入非氧化性气体,使非氧化性气体充满反应器,所述铜催化剂为单晶铜或多晶铜或铜薄膜；b)将铜催化剂加热到目标温度,然后保持温度恒定30-120分钟,所述目标温度的温度范围为：1000℃～1070℃；c)然后对铜催化剂进行降温使其达到900℃～500℃或保持温度恒定,在上述降温或恒温过程中,将携带有碳源的非氧化性气体通入反应器中,即可在铜催化剂表面得到单晶双层石墨烯。本发明利用等温或非等温常压化学气相沉积法在铜催化剂上制备大尺寸单晶双层石墨烯,本方法操作方便,简单易行,可用于高端电子器件和集成电路。",中国专利,,CNKI
Patent,1,何孝军;张楠;刘自得,一种超级电容器用褶皱的石墨烯纳米片的制备方法,243002 安徽省马鞍山市湖东路59号,2016-04-20,CN105502363A,发明专利,"本发明公开了一种超级电容器用褶皱的石墨烯纳米片的制备方法,属于炭材料制备技术领域。该方法以石油沥青为碳源,片状纳米氧化镁为模板,氢氧化钾为活化剂,将原料研磨混合均匀后所得的混合物转移至刚玉瓷舟中,在氩气气氛下加热直接制得超级电容器用褶皱的石墨烯纳米片。所得的褶皱的石墨烯纳米片材料在6mol/L#KOH电解液中,在0.05A/g电流密度下,比容高达280F/g；当电流密度升高至20A/g时,比容仍然保持为233F/g；在1A/g电流密度下,经1000次循环,比容保持率为96.8％,展示了优异的倍率性能与循环稳定性。本发明方法具有工艺简单、成本低廉和适合工业化生产等优点。",中国专利,,CNKI
Patent,1,张校菠;杨忠福;杨光明;马俊斯;徐迎节,一种以无烟煤为原料制备石墨烯的方法,100011 北京市东城区安外西滨河路22号神华大厦,2016-04-20,CN105502364A,发明专利,"本发明涉及一种以无烟煤为原料制备石墨烯的方法,其包括步骤：1)石墨化：将无烟煤放入石墨化炉中,制备煤基石墨；2)石墨氧化,将步骤1)制备的煤基石墨与酸在冰水浴中混合,加入氧化剂和表面改性剂,搅拌均匀得混合物；将所得混合物升温至45～95℃并持续搅拌0.5～2h,随后加入去离子水水解,反应稳定后加入双氧水,过滤,得滤饼；将所得滤饼洗涤至滤饼中所加酸的酸根离子含量不大于100ppm,将洗涤后的滤饼干燥,得氧化石墨；3)石墨还原：将步骤2)制备的氧化石墨还原,制备石墨烯。本发明采用无烟煤制备成功制备石墨烯,降低了成本,提高了石墨烯产率。",中国专利,,CNKI
Patent,1,陈庆;曾军堂;叶任海;陈兵,一种通过控制初始碳源厚度制备石墨烯的方法,610091 四川省成都市青羊区蛟龙工业港东海路4座,2016-04-20,CN105502365A,发明专利,"本发明公开了一种通过控制初始碳源厚度制备石墨烯的方法,所述法采用石墨烯量子点作为生长模板,将石墨烯量子点分散在糊化淀粉中,借助高温高压提供的高能量,分解碳素有机材料得到的碳原子排列到石墨层边缘位置,生长出更大的石墨烯片层。再者,通过控制初始石墨烯量子点的层数,可控获得对应层数的石墨烯量子点。所述方法操作简单,适合大规模生产普及。",中国专利,,CNKI
Patent,1,陈庆;叶任海,一种以生物质为原料制备石墨烯的方法,610091 四川省成都市青羊区蛟龙工业港东海路4座,2016-04-20,CN105502366A,发明专利,"本发明公开了一种生物质为原料制备石墨烯材料的方法,其具体的制备方法为：步骤一：原料的混合；步骤二：通过烘干筒制备石墨烯前驱体；步骤三：通过回转窑高温碳化；步骤四：气流粉碎机粉碎剥离。本发明的制备石墨烯,可用于超级电容器、锂离子电池的电极材料,同时也可以添加到树脂、橡胶中,增强树脂、橡胶的物理性质。本发明公开的一种生物质为原料制备石墨烯材料的方法,其生产工艺简单,成本低廉,安全环保,可以连续工业化生产,具有市场应用前景。",中国专利,,CNKI
Patent,1,陈庆;曾军堂,一种利用胶状物拉拔制备石墨烯的方法,610091 四川省成都市青羊区蛟龙工业港东海路4座,2016-04-20,CN105502367A,发明专利,"本发明涉及石墨烯材料领域,具体涉及通过低成本机械连续剥离法制备石墨烯,特别是涉及一种利用胶状物拉拔制备石墨烯的方法。该方法是利用旋转的往复式螺杆挤出机在螺杆旋转方向的剪切和轴向往复的拉拔,将石墨分散在高粘度胶状物中,在胶状物拉拔过程中石墨片层不断被剥离,而不损伤层结构,最大限度的保护了石墨烯的层结构,同时实现了连续不断地剥离,获得的石墨烯不但层数少,而且层数分布均匀。从而实现了低成本连续稳定制备石墨烯,克服了目前通过化学氧化还原法和直接研磨制备石墨烯对石墨烯晶格的损伤和对环境的严重危害,进一步推动了高质量低成本石墨烯量产化生产。具有显著的市场应用价值。",中国专利,,CNKI
Patent,1,沈斌;郑文革;翟文涛;李洋,一种石墨烯薄膜及其制备方法,315201 浙江省宁波市镇海区庄市大道519号,2016-04-20,CN105502368A,发明专利,"本发明涉及一种石墨烯薄膜的制备方法,其包括以下步骤：(1)将氧化石墨烯分散于一溶剂中,得到一混合物；(2)将该混合物倒入刮膜机中并于一基底上以速度V进行连续化刮膜,并将刮膜后得到的膜层连同基底以速度V送入鼓风烘道烘干,得到一带有基底的氧化石墨烯薄膜；(3)将所述带有基底的氧化石墨烯薄膜以速度V连续送入管式炉内并于惰性气氛下进行石墨化处理以还原氧化石墨烯并修复其表面的结构缺陷,得到带有基底的石墨烯薄膜；(4)将从管式炉出来的所述带有基底的石墨烯薄膜进行滚压以及剥离基底,得到石墨烯薄膜。本发明还提供一种石墨烯薄膜。",中国专利,,CNKI
Patent,1,李妍;刘新倩,调节石墨烯量子点光致发光性能的后氧化还原处理方法,100083 北京市海淀区学院路30号,2016-04-20,CN105502369A,发明专利,"一种调节石墨烯量子点光致发光性能的后氧化还原处理方法,属于石墨烯功能材料领域。其特征是使用任一方法制备的石墨烯量子点水溶液,利用紫外光和H2O2配合的光化学反应,在不改变石墨烯量子点的尺寸和溶液浓度且不引入杂原子的情况下,提高了石墨烯量子点的荧光量子产率并同时调节其荧光颜色。这种通用、无损的用来提高石墨烯量子点的荧光量子产率并同时调控其荧光颜色的方法,将会拓宽其应用范围。",中国专利,,CNKI
Patent,1,孟英;王艳阳;吴洪鹏;李志强,石墨烯负载纳米ZnO/Ag复合材料及其制备方法,063000 河北省唐山市高新区卫国路与荣华道交叉口建华大厦6层,2016-04-20,CN105498689A,发明专利,"本发明涉及一种石墨烯负载纳米ZnO/Ag复合材料及其制备方法,技术方案是：将Zn粉、AgNO3水溶液和氧化石墨烯水溶液按固含量为1.2~6：0.06~3：1的质量比混合,室温下搅拌、超声、再搅拌,至其混合均匀；将得到的混合溶液置于反应釜中,在130~200℃的温度下水热反应1-6#h；取出混合液并冷却后,经过滤、离心工艺进行固液分离,经干燥处理后,得到石墨烯负载纳米ZnO/Ag复合材料的前驱物；将得到的前驱物经煅烧处理,制得石墨烯负载纳米ZnO/Ag复合材料。本发明操作简单,过程容易控制,所制备的复合材料结构稳定,粒度均匀,抗菌活性好,在去除室内甲醛、抗霉、降解有机污染物...",中国专利,,CNKI
Patent,1,李怡招;贾殿赠;曹亚丽,一种氧化石墨烯的固相还原方法,830046 新疆维吾尔自治区乌鲁木齐市天山区胜利路666号,2016-04-20,CN105502370A,发明专利,"本发明提供了一种由氧化石墨烯制备石墨烯的固相还原方法。在该发明方法中,通过将氧化石墨烯与还原剂、盐在室温下进行固相化学反应,实现对氧化石墨烯的还原,制得石墨烯。本发明方法所使用的原料廉价易得,反应操作简单,不使用溶剂,条件温和,耗时少,环保无污染,易于进行大批量生产。",中国专利,,CNKI
Patent,1,毛琳;王鹏鹏;陈乐生,一种石墨烯的液相剥离制备方法,200240 上海市闵行区剑川路953弄322号一楼,2016-04-20,CN105502371A,发明专利,"本发明提供了一种石墨烯的液相剥离制备方法,所述方法为：第一步：以芳香族化合物为剥离剂,配置剥离剂溶液,加入石墨粉,经充分搅拌后,得到石墨预剥离分散液；第二步：将第一步得到的石墨预剥离分散液通过超声和/或机械剪切进行剥离分散,得到石墨烯混合分散体系：第三步：将第二步所得到的石墨烯混合分散体系进行离心,然后取上层溶液透析,除去杂质,得到纯净的石墨烯产品。本发明能有效分离石墨片层,在短时间内得到大量的石墨烯,所制得的石墨烯为单层或少层,导电/热性能好,综合性能优良。本发明具有操作简单,效率高、绿色环保等优点,有望实现石墨烯的产业化制备。",中国专利,,CNKI
Patent,1,黄继国;向宁;李日升;陈海涛;郭雪婷;刘星娟,一种石墨烯的绿色制备方法,130012 吉林省长春市前进大街2699号,2016-04-20,CN105502373A,发明专利,"本发明公开了一种石墨烯的绿色制备方法。包括以下步骤：(1)将一定量的氧化石墨(GO)加入到适量的蒸馏水中,超声0.5-1h得到浓度为均匀分散的氧化石墨烯悬浮液；(2)往步骤(1)中加入适量一定浓度的腐植酸钠溶液,搅拌均匀；(3)将步骤(2)所得溶液转入水热反应釜,一定温度下反应一定时间；(4)将步骤(3)所得产物经过滤或离心洗涤得到石墨烯(rGO)产品。本发明的方法具有原料简单易得,方法简易可行,水热反应温度相对较低,具有极大安全可靠性,整个工艺过程避免了有毒试剂的使用,环境更友好,适合于规模化生产。",中国专利,,CNKI
Patent,1,马灿良;赵云;李思殿,一种小尺寸石墨烯的制备方法,030006 山西省太原市小店区坞城路92号,2016-04-20,CN105502374A,发明专利,"本发明属于氧化石墨烯技术领域,尤其涉及由隐晶质石墨制备小尺寸石墨烯的方法。本发明主要解决现有的氧化石墨烯的制备方法存在纯度低、毒性大、工艺复杂和成本高的问题。本发明一种小尺寸石墨烯的制备方法,将纯化的隐晶质石墨、浓酸和强氧化剂混合均匀,在80～120℃的密闭环境中进行反应,将反应混合物缓慢倒入过量去离子水中,搅拌均匀后加入过氧化氢水溶液至悬浊液为棕黄色或亮黄色,经过酸洗、水洗至pH值为6～7,再离心分离,得到小尺寸氧化石墨烯,再按照L-抗坏血酸与小尺寸氧化石墨烯的质量比为1:0.1～100的比例取L-抗坏血酸水溶液,在温度为40℃～100℃反应1min～5h,制成石墨烯。",中国专利,,CNKI
Patent,1,张杰,一种石墨烯浆料制备设备及其制作工艺,130000 吉林省长春市宽城区兴业街兴和委144组,2016-04-20,CN105502375A,发明专利,"本发明涉及一种石墨烯浆料制备设备,包括炉体,所述炉体的一侧上设有炉门,所述炉体的另一侧设有排烟机构,所述排烟机构下方设有热电偶,所述炉体内设有重锤,所述重锤通过摇杆与炉门连；采用该设备的制备工艺包括：原材料处理、高温加工、材料配比、材料研磨、超声处理几个步骤。该石墨烯浆料制备设备的排烟机构设计巧妙,通过烟气过滤装置对排放的烟气进行有效的过滤,减少了对环境的污染,该石墨烯浆料的制备工艺,对原材料进行合理地处理和配比,通过研磨和超声波处理相结合,使得得到的石墨烯浆料品质更好。",中国专利,,CNKI
Patent,1,陈庆;曾军堂;叶任海,一种由机械剥离石墨烯微片制备大尺寸的薄膜及太阳能电池,610091 四川省成都市青羊区蛟龙工业港东海路4座,2016-04-20,CN105502376A,发明专利,"本发明公开了一种由机械剥离石墨烯微片制备大尺寸的薄膜及太阳能电池,本发明采用连续螺杆挤出机提供的剪切力剥离石墨,将石墨分散在去离子水中,通过加入疏水溶剂将衬底材料悬浮在疏水溶剂中并降温让疏水溶剂固化后,将所述衬底取出,去除石墨烯和衬底材料之间和周围的疏水溶剂杂质,就可以获得大尺寸的石墨烯薄膜。该方法利用降温固化的方式,保护了在互不相溶的液/液界面处石墨烯自组装形成的石墨烯薄层,通过物理作用从分散液中剥离了石墨烯薄层,避免了高温环境和高危气体的工作环境,以及避免了剧毒有机反应物的使用,具有宽广的市场应用价值。",中国专利,,CNKI
Patent,1,罗汉金;张丽,一种改性氧化石墨烯/壳聚糖复合材料的制备方法及应用,510640 广东省广州市天河区五山路381号,2016-04-20,CN105498707A,发明专利,"本发明公开了一种改性氧化石墨烯/壳聚糖复合材料的制备方法及应用。改性复合物成分包括氧化石墨烯、壳聚糖以及乙二胺四乙酸二钠。其制备方法为：将溶于水的乙二胺四乙酸二钠搅拌加入超声处理后得到的氧化石墨烯悬浮液中,使其均匀混合,随后搅拌加入溶解在冰乙酸中的壳聚糖溶液,超声搅拌一段时间后经抽滤、离心、真空干燥和研磨过筛后得到改性氧化石墨烯/壳聚糖复合材料。制备的改性材料作为吸附剂用于水污染控制领域,特别是废水中重金属污染物的吸附去除,具有制备方法简便、吸附速度快、再生性能好等优点,并且所需原料来源广泛、成本低,实际应用价值高。",中国专利,,CNKI
Patent,1,吕生华;李莹,用于吸附甲基橙染料的氧化石墨烯/羧甲基壳聚糖磁性微球吸附剂及其制备方法,710021 陕西省西安市未央大学城,2016-04-20,CN105498724A,发明专利,"本发明公开了一种用于吸附甲基橙染料的氧化石墨烯/羧甲基壳聚糖磁性微球吸附剂,氧化石墨烯纳米片层分散液20~25份,羧甲基壳聚糖水溶液20.5~31份,Fe3O40.4~0.8份,戊二醛水溶液10~15份,液体石蜡150~180份,失水山梨糖醇脂肪酸酯Span80#5.5~6.5份,失水山梨醇单油酸酯聚氧乙烯醚Tween80#0.5~0.7份；本发明还公开了用于吸附甲基橙染料的氧化石墨烯/羧甲基壳聚糖磁性微球吸附剂的制备方法,通过本发明制备的磁性微球吸附剂对甲基橙染料废水的去除率可达到95%以上,同时在外磁场下易于分离,脱附后可多...",中国专利,,CNKI
Patent,1,张丽园;王传虎;吕长鹏;钱清兰;王旭东,一种高分散磁性石墨烯纳米吸附剂的制备方法及其应用,233030 安徽省蚌埠市曹山路1866号,2016-04-13,CN105478078A,发明专利,"本发明公开了一种高分散磁性石墨烯纳米吸附剂的制备方法及其应用,通过两步法合成高分散磁性石墨烯纳米复合材料：首先用有机小分子对石墨烯进行磺化改性得到高度剥离的磺化石墨烯纳米片；然后以磺化石墨烯和铁离子为原料,通过水热法一步合成得到石墨烯和四氧化三铁纳米复合材料。本发明吸附剂具有高分散性能同时,也具有高吸附性能和磁性,可作为高效的吸附剂应用于水中有机污染物的吸附,仅通过外加磁场的作用,即可实现水中有机污染物的快速分离,而且能够循环利用、经济环保,具有广阔的应用前景。",中国专利,,CNKI
Patent,1,车春玲,一种用于水处理的壳聚糖-石墨烯微球的制备方法,250000 山东省济南市高新区世纪大道15612号1号楼1-1603,2016-04-13,CN105478088A,发明专利,"本发明公开了一种用于水处理的壳聚糖-石墨烯微球的制备方法,主要对水体进行净化,吸附水中的污染物,其制作步骤：(1)将石墨烯加入到去离子水中,超声分散；(2)将壳聚糖溶解于酸性水溶液,加入石蜡油和乳化剂,摇匀后超声30min；(3)在高速搅拌状态下,将石墨烯溶液加入到壳聚糖溶液中,乳化2h,(4)向壳聚糖-石墨烯溶液中加入交联剂,反应2～3h后通入氨气硬化30min,(5)经石油醚,丙酮和无水乙醇洗涤超声数次,最后悬浮于无水乙醇中,将产物抽滤,真空干燥。本发明工艺简单,原料来源方便,可吸附处理多种水中污染物,净化水体效果好,使水体得到高效净化,且不会产生二次污染,具有广阔的推广应用前景。",中国专利,,CNKI
Patent,1,董淑英;孙剑辉;冯精兰;李琦路;皮运清;张春燕;闫旭,具有广谱降解性能的钨酸铋/石墨烯光催化剂的制备方法,453007 河南省新乡市牧野区建设东路46号,2016-04-20,CN105498750A,发明专利,"本发明公开了一种具有广谱降解性能的钨酸铋/石墨烯光催化剂的制备方法,具体步骤为：(1)将0.97g#Bi(NO3)3·2H2O搅拌溶解在50mL冰醋酸水溶液中,然后将0.0017-0.034g氧化石墨烯加入到上述溶液中,超声分散1h得到溶液X；(2)将0.33g#Na2WO4搅拌溶解在20mL水中得到透明澄清溶液Y；(3)将溶液Y加到溶液X中,继续搅拌10min,用冰醋酸控制反应体系的pH<2,pH稳定后转入聚四氟乙烯密闭反应釜中于180℃加热3h制得钨酸铋/石墨烯光催化剂。本发...",中国专利,,CNKI
Patent,1,杨仁党;王瑞彬,一种还原氧化石墨烯/二氧化钛复合废水处理剂及其方法与应用,510640 广东省广州市天河区五山路381号,2016-04-13,CN105478101A,发明专利,"本发明属于功能材料领域,公开了一种还原氧化石墨烯/二氧化钛复合废水处理剂及其方法与应用。所述制备方法为：将氧化石墨烯和二氧化钛加入水/乙醇混合物中,超声搅拌分散,得到反应悬浮液；然后将反应悬浮液置于反应釜中,于140～160℃,压力为0.55～0.65MPa的条件下反应1～2h,冷却,过滤,洗涤,干燥,即得还原氧化石墨烯/二氧化钛复合废水处理剂。本发明的废水处理剂能够有效降低烟草薄片废水中的COD,光催化效果好,而且制备工艺简单,易于操作。",中国专利,,CNKI
Patent,1,陈利;庞秀江,一种制备含石墨烯的聚合物复合材料的方法,266000 山东省青岛市市北区郑州路53号青岛科技大学,2016-04-13,CN105482417A,发明专利,"本发明提供了一种制备含石墨烯的聚合物复合材料的方法,属于复合材料制备领域。本发明的方法首先将聚合物和石墨烯均匀地分散到溶剂中制成均匀稳定的混合液,然后向其中加入另一溶剂,使聚合物从混合液中析出的同时完成对石墨烯的包覆或包裹,并形成含石墨烯的聚合物复合材料。该法成本低廉、操作简单、易于放大,且容易实现石墨烯在聚合物中的均匀分散。",中国专利,,CNKI
Patent,1,皮运清;董淑英;曹治国;雷玉坤;赵鹏;邱德志;王松茵;鲁艺杰;孙剑辉,一种氧化石墨烯-钴复合纳米催化剂的制备方法,453007 河南省新乡市牧野区建设东路46号,2016-04-20,CN105498774A,发明专利,"本发明公开了一种氧化石墨烯-钴复合纳米催化剂的制备方法,属于催化材料的合成技术领域。本发明的技术方案要点为：将0.0313-0.0399g#CoSO4#7H2O溶于40mL去离子水中,然后加入0.1g氧化石墨烯,超声分散1h后加入0.1mL水合肼,再次超声分散5min,超声结束后,将溶液转移至水热反应釜中于180℃保持10h,冷却至室温,过滤,将收集的沉淀物于60℃干燥6h得到钴质量百分含量为5%-6%的氧化石墨烯-钴复合纳米催化剂。本发明制得的氧化石墨烯-钴复合纳米催化剂在中性和碱性环境下不溶解,结晶和催化性能好,而且具有较好的可见光响应能力,在太...",中国专利,,CNKI
Patent,1,不公告发明人,石墨烯的形成方法,226600 江苏省南通市海安县中坝南路199号,2016-04-13,CN105480964A,发明专利,"本发明提供石墨烯的形成方法,包括：先以半透膜包覆石墨正极(或正极与石墨材料)；将被半透膜包覆的石墨正极(或正极与石墨材料)及负极置于酸性电解液中；进行电解反应,使石墨正极(或石墨材料)剥落形成含氧化石墨烯的石墨碎片,又称为第一氧化石墨烯,其中第一氧化石墨烯的尺寸大于半透膜的孔径；继续进行电解反应,直到第一氧化石墨烯裂解成含氧化石墨烯的石墨碎片,又称为第二氧化石墨烯,且第二氧化石墨烯的尺寸小于半透膜的孔径以穿过半透膜；收集穿过半透膜且扩散至酸性电解液中的第二氧化石墨烯；以及还原第二氧化石墨烯以得到石墨烯。",中国专利,,CNKI
Patent,1,荣常如;陈书礼;韩金磊;张克金;魏晓川,一种石墨烯制备方法,130011 吉林省长春市西新经济技术开发区东风大街2259号,2016-04-13,CN105480965A,发明专利,"本发明公开了一种石墨烯的制备方法,膨胀石墨在助剂水溶液中静置浸润,然后在有机溶剂中超声剥离,干燥去除溶剂得到石墨烯。本发明中膨胀石墨原料来源广泛,助剂为常见工业品,成本低廉,所用溶剂均可回收利用；整个工艺过程简单,易于实现大规模制备。",中国专利,,CNKI
Patent,1,吴子平;赵曼;吴高;尹艳红;胡英燕,一种在原位还原碳化钨时自生长石墨烯的方法,330000 江西省赣州市红旗大道86号,2016-04-13,CN105480966A,发明专利,"一种在原位还原碳化钨时自生长石墨烯的方法,属于钨基和碳基纳米材料技术领域。本发明通过将现有制备石墨烯的水平基底变成由大量纳米颗粒组成的钨源前驱体基底,通过钨源前驱体在碳化过程中的碳溶解过程,实现钨源前驱体在转化成碳化钨后的继续溶碳,由于碳化钨对碳的固溶量较低,通过控制反应系统中碳量的控制,使其在碳化钨表面实现吸附与析出生长石墨烯。本发明的装置简便,原料简单易得,成本低廉,对环境无污染；采用在惰性气体保护通入碳源,无明显易燃危险原料；产物易于处理,收率高,设备简单,可以半连续化操作,适于大量生产。",中国专利,,CNKI
Patent,1,邵军;李文春;张学锋;任业伟;王承刚;杨焕军;王强,一种石墨烯母料、PPO/PS合金抗静电材料及其制作方法,315400 浙江省宁波市余姚市城区冶山路471号中国兵器大楼,2016-04-13,CN105482434A,发明专利,"本发明公开了一种石墨烯母料,包括以下重量份数的原料组成成分：聚苯乙烯1.0～10份,石墨烯1.0～10份,硅烷偶联剂0.01～1份。本发明石墨烯母料制备得到PPO/PS合金材料具有较好的电性能,添加1％石墨烯母料制备的石墨烯与PPO/PS抗静电材料的表面电阻小于1010Ω,提高了PPO/PS合金材料在电器产品中耐高压的部件的使用安全性,具有显著的工业应用价值。",中国专利,,CNKI
Patent,1,徐茂龙;黄红如,一种低成本制备石墨烯的方法,516025 广东省惠州市惠澳大道惠南高新科技产业园华泰路1号1号楼5楼,2016-04-13,CN105480968A,发明专利,"本发明提供一种低成本制备石墨烯的方法,包括(1)将三氧化硫、去离子水、双氧水、硝酸钾、高锰酸钾、石墨粉、和稀硝酸溶液的混合物进行加热处理；(2)对混合物进行过滤,用双氧水进行一次清洗后再用去离子水进行二次清洗,干燥后得到氧化石墨烯；(3)将所得的氧化石墨烯与去离子水混合,水浴加热的同时进行超声处理,形成石墨烯胶体溶液,在石墨烯胶体溶液中加入还原剂,洗涤、过滤后得到石墨烯,本发明提供的石墨烯的制备方法避免了现有技术中以浓硫酸作为氧化剂的制备流程,具有安全、快速、操作简单的优点,同时该方法成本低,效率高,有利于实现大规模工业化生产加工。",中国专利,,CNKI
Patent,1,殷立雄;张浩;刘长青;黄剑锋;张东东;柴思敏;李嘉胤;孔新刚,一种采用乙基纤维素为原料制备三维石墨烯的方法,710021 陕西省西安市未央区大学园1号,2016-04-13,CN105480969A,发明专利,"本发明公开一种采用乙基纤维素为原料制备三维石墨烯的方法：将分析纯乙基纤维素和NaOH以1：1～3的摩尔比溶于乙醇中形成溶胶,将所得溶胶陈化12h得到凝胶,将凝胶在80℃干燥6h得到干凝胶；将所得干凝胶在氩气气氛下在700～1000℃碳化,将碳化产物用去离子水洗涤直到溶液PH＝6.8～7.2,将溶液抽滤,得到产物,在60℃干燥5h,得到产物三维石墨烯。本发明以乙基纤维素为原料,采用溶胶凝胶法制备三维石墨烯,该反应的原料易得且成本低,工艺设备简单,能耗低。",中国专利,,CNKI
Patent,1,刘立伟;魏相飞;李奇;邱胜强;李伟伟;郭玉芬,三维褶皱状石墨烯散热浆料、其制备方法及应用,215123 江苏省苏州市工业园区独墅湖高教区若水路398号,2016-04-13,CN105482435A,发明专利,"本发明公开了一种三维褶皱状石墨烯散热浆料、其制备方法及应用。该制备方法包括：将薄层石墨烯通过溶剂作用形成多孔石墨烯聚集体,并在加热后急剧降温,获得三维褶皱状石墨烯块；将所述三维褶皱状石墨烯块粉碎,获得三维褶皱状石墨烯；将三维褶皱状石墨烯与聚合物和/或聚合物的单体复合,形成所述散热浆料。本发明工艺简单,易于规模化生产,而且,因所得三维褶皱状石墨烯散热浆料中采用了三维褶皱状石墨烯,不但增加了复合材料的散热表面积,还可以在垂直方向上有更多的导热通路,使得散热效率大幅提高,可以广泛应用于LED照明,电力、电子、通讯等需要散热的产品。",中国专利,,CNKI
Patent,1,林起浪;王康;张新奇,一种沥青基三维介孔石墨烯材料的制备方法,350108 福建省福州市闽侯县上街镇大学城学园路2号福州大学新区,2016-04-13,CN105480971A,发明专利,"本发明公开了一种沥青基三维介孔石墨烯材料的制备方法,属于碳素材料领域。本发明将沥青、添加剂、分散剂经过球磨混合,其中沥青和添加剂的质量比为100:1～100,分散剂的质量分数为0.1%-10%,球磨溶剂的体积分数为0.1%-100%,添加剂、分散剂和球磨溶剂纯度大于99％,随后经过干燥、炭化、酸洗等工艺来制备一种具有介孔结构的三维石墨烯材料。本发明的产品纯度高(纯度98~100%)、比表面积大(500～2500m2/g)、尺寸均匀,同时结构缺陷少、层数较少(1～5层),并且制备成本低,操作简单,推广容易。",中国专利,,CNKI
Patent,1,闫敬;李瑞霞;尹一冰;梅顺康,一种以石墨烯为电子介导的含铁硫簇合物的光致产氢催化体系、其制备方法及用途,300072 天津市南开区卫津路92号,2016-04-13,CN105478168A,发明专利,"本发明提供一种以石墨烯为电子介导的含铁硫簇合物的光致产氢催化体系、其制备方法及用途,属于光致产氢催化剂领域。具体而言,提供一种以石墨烯为电子介导的含金属硫簇合物的光致产氢催化体系,包含与氧化石墨烯(GO)分别连接的金属硫簇合物和卟啉衍生物。本发明弥补氢化酶模型物大都不溶于水的缺点,得到的以氧化石墨烯为连接媒介的纳米材料。以本发明纳米材料作为催化剂的体系产氢量明显高于其他体系。并且,本发明的纳米材料未使用贵金属催化剂,还降低了生产成本。",中国专利,,CNKI
Patent,1,邵军;李文春;任业伟;张学锋;高信康;张友强;佘进娟,一种石墨烯/聚烯烃弹性体母料、石墨烯抗静电复合材料及制备方法,315400 浙江省宁波市余姚市城区冶山路471号中国兵器大楼,2016-04-20,CN105504469A,发明专利,"本发明公开了一种石墨烯/聚烯烃弹性体母料、石墨烯抗静电复合材料及制备方法,该石墨烯/聚烯烃弹性体母料包括以下重量份数的原料：聚烯烃弹性体(POE)或接枝聚烯烃弹性体(m-POE)1～100份、石墨烯1～10重量份、硅烷偶联剂0.01～1重量份。本发明石墨烯/聚烯烃弹性体(POE)母料具有较好的电性能,添加1～10％该石墨烯母料制备的PE抗静电材料的表面电阻小于1011Ω,提高了工程塑料材料在电器产品中耐高压的部件的使用安全性,具有显著的工业应用价值。",中国专利,,CNKI
Patent,1,赵立平;洪江彬;林丽萍,原位悬浮聚合制备EVA/石墨烯复合材料的方法,361027 福建省厦门市海沧区东孚镇东孚大道2881号16栋厂房2层南侧,2016-04-13,CN105482022A,发明专利,"本发明属于纳米复合材料制备技术领域,具体涉及一种原位悬浮聚合制备EVA/石墨烯复合材料的方法,该方法步骤包括：采用机械分散法将石墨烯在醋酸乙烯酯单体溶液中均匀分散,在高速搅拌下加入含有分散剂、pH调节剂的水中,在70~80℃下搅拌0.5~2h,然后将混合液转移到聚合反应釜中,通入乙烯单体,保持系统压力9.8~29.4MPa,加入引发剂溶液,在70~80℃正常速度搅拌下进行原位悬浮聚合制备EVA/石墨烯复合材料。本发明是一种有效、易实施的方法,可以方便地对复合材料的制备过程、组成、结构以及性能进行控制,具有结构稳定、无机纳米粒子分散均匀的特点,可显著提升EVA材料的力学、电学和热学性能,可广泛应...",中国专利,,CNKI
Patent,1,周涛;文亮;张集海;张爱民,石墨烯作为添加剂在制备可激光标记的聚合物材料中的应用,610065 四川省成都市武侯区一环路南一段24号,2016-04-20,CN105504517A,发明专利,"本发明提供了石墨烯作为添加剂在制备可激光标记的聚合物材料中的应用。本发明还提供了一种可激光标记的聚合物材料,它是在聚合物材料中添加石墨烯后,共混而成。本发明提供了石墨烯的一种新用途,具体而言,是石墨烯作为添加剂在制备可激光标记的聚合物材料中的应用,这既拓展了石墨烯的应用领域,也为制备可激光标记的聚合物材料提供了一种新的添加剂；而且,石墨烯作为添加剂,用量小,标记效果好,可以制得多种不同的可激光标记的聚合物材料,非常适合在产业上使用。",中国专利,,CNKI
Patent,1,魏俊发;施东辉;彭汗青;李靖;杨明瑜;石先莹;刘波;杨奕辉;程昆木;鲁瑶;刘恒,一种水溶性纳米石墨烯表面活性剂及其合成方法和应用,710062 陕西省西安市长安南路199号,2016-04-20,CN105503581A,发明专利,"本发明公开了一种水溶性纳米石墨烯表面活性剂及其合成方法和应用,该表面活性剂的结构式为式中M+代表Li+、Na+、K+、NH4+、N(CH3)4+或N(C2H5)4+,R代表C1",中国专利,,CNKI
Patent,1,陈庆;叶任海,一种含石墨烯用于3D打印的导电材料及其制备方法,610091 四川省成都市青羊区蛟龙工业港东海路4座,2016-04-20,CN105504565A,发明专利,"本发明公开了一种含石墨烯用于3D打印的导电材料,主要由聚苯乙烯、石墨烯、二甲基甲酰胺、铝酸酯偶联剂、异氰酸酯组成。所述的聚苯乙烯的重量份为97-99,石墨烯的重量份为1-3,二甲基甲酰胺的重量份为1-2,铝酸酯偶联剂的重量份为0.01-0.03,异氰酸酯的重量份为0.001-0.003；利用石墨烯的优异的力学性能,耐热性能和导电性能,将改性后的石墨烯加入聚苯乙烯中,克服了聚苯乙烯力学性能不够,经不起冲击,导电性和耐热性差的缺点,又具备石墨烯的优异的力学性能,耐热性能和导电性能,为3D打印材料提供更多的选择。本发明还公开了含石墨烯用于3D打印的导电材料的制备方法,其生产工艺简单,成本低廉,安全环...",中国专利,,CNKI
Patent,1,顾洪杰,一种石墨烯PVC排水管及其制备方法,266100 山东省青岛市崂山区海尔路63号,2016-04-20,CN105504587A,发明专利,"本发明公开了一种石墨烯PVC排水管及其制备方法。本发明高强度耐磨石墨烯PVC排水管由硬质聚氯乙烯75％-80％、助剂20％-15％、碳酸钙3％-5％、石墨烯0.5％-1％制备而得。本发明制备过程经过混合加入偶联剂得到改性混合物B,最后将改性混合物B通过定量加料、熔融挤出、模具成型、冷却定型、牵引、喷印标识、定长切割,制得石墨烯PVC排水管。本发明石墨烯PVC排水管大大提高了原有的强度、耐磨度、耐温性、耐寒性、防腐性、防静电性、克服了PVC管在低温下强度低易断或裂纹、降低了管道磨损率、避免管道内壁静电引起附着的沉积物,防止管道堵塞的可能性,极大的提高了管道使用寿命,对管道行业来说是创新型革命。",中国专利,,CNKI
Patent,1,赵立平;洪江彬;林丽萍,一种原位聚合制备EVA/石墨烯复合材料的方法,361027 福建省厦门市海沧区东孚镇东孚大道2881号16栋厂房2层南侧,2016-04-20,CN105504125A,发明专利,"本发明属于纳米复合材料制备技术领域,具体涉及一种原位聚合制备EVA/石墨烯复合材料的方法,该方法包括以下步骤：采用机械分散法使石墨烯与醇溶剂充分混合,然后加入醋酸乙烯酯和引发剂溶液,在冰浴条件下充分搅拌均匀,使醋酸乙烯酯和引发剂吸附并嵌入在石墨烯表面,通入乙烯,采用溶液聚合原位制备EVA/石墨烯复合材料。本方法是一种有效、易实施的方法,可使聚合物在石墨烯表面均匀生长,所得的复合材料导热、导电、力学性能显著提升,具有可观的经济价值；同时,本发明制备工艺简单,反应条件温和,适合工业化生产。",中国专利,,CNKI
Patent,1,李亮;陈静;喻湘华;黄华波;张桥,一种聚乙烯醇-壳聚糖-氧化石墨烯海绵及其制备方法,430074 湖北省武汉市洪山区雄楚大街693号,2016-04-20,CN105504618A,发明专利,"本发明涉及一种聚乙烯醇-壳聚糖-氧化石墨烯海绵及其制备方法,包括以下步骤：先将聚乙烯醇在热水中溶解,得到聚乙烯醇水溶液；再往其中依次加入壳聚糖、氧化石墨烯、发泡剂、无机酸与甲醛,搅拌混合；把混合液倒入模具,固化成型,即得到聚乙烯醇-壳聚糖-氧化石墨烯海绵。与现有技术相比,本发明有以下显著特点：1)所制备的海绵具有三种材料单独使用时不具备的优点；2)聚乙烯醇-壳聚糖-氧化石墨烯海绵的吸水倍率在1410％以上,最高达到1920％。湿态压缩模量在40-60KPa之间,具有软硬度合适,压缩回弹性良好等优点；3)通过调控海绵配方中各组分的含量,可调控海绵的吸水能力、吸有机液体能力、湿态压缩模量等性能。",中国专利,,CNKI
Patent,1,齐海港,聚(N-异丙基丙稀酰胺)/氧化石墨烯水凝胶制备方法,710000 陕西省西安市高新区唐延南路东侧逸翠园-西安(二期)第2幢1单元20层12002号房,2016-04-20,CN105504150A,发明专利,"本发明公开了一种聚(N-异丙基丙稀酰胺)/氧化石墨烯水凝胶制备方法,具体按以下步骤实施：首先将石墨粉氧化,制得氧化石墨；然后利用制得的氧化石墨在60Co辐照源下辐照聚合,得到聚(N-异丙基丙稀酰胺)/氧化石墨烯水凝胶。本发明只需将GO分散于NIPAM中单体水溶液中辐照聚合即可,无需多步骤反应和加入有机试剂等。方法简单、直接,并且易于控制,产品史加纯净,更加适合生物材料等方面的应用。改变聚合前GO的含量就可以很容易的控制水凝胶在GO的载入量。此外,GO优异的光热性质,赋予聚(N-异丙基丙稀酰胺)/氧化石墨烯水凝胶良好的光热敏性能。",中国专利,,CNKI
Patent,1,都承会;李镇瑞;全成胤;孔廷昊,用于改性石墨烯的方法和设备,韩国首尔,2016-04-13,CN105492382A,发明专利,"本发明涉及一种用于改性石墨烯的方法和设备,更具体地说,涉及能够通过重复采用亚临界或超临界的二氧化碳改性石墨烯的过程若干次获得具有所需晶体尺寸的石墨烯的改性石墨烯的方法和设备。根据本发明的用于改性石墨烯的方法和设备,可获得具有优异导电性和分散性的石墨烯。",中国专利,,CNKI
Patent,1,T·欣特曼;M·G·施瓦布;K·C-P·查;T·魏茨;A·沙费尔;I·B·穆勒,提纯石墨烯纳米带的方法,德国路德维希港,2016-04-13,CN105492385A,发明专利,"本发明涉及一种提纯石墨烯纳米带的方法,其包括：-使含有石墨烯纳米带GNR1和一种或多种污染物的组合物与含有分散剂的液体介质接触,并将石墨烯纳米带GNR1分散在液体介质中以得到石墨烯纳米带GNR1的液体分散体,-使石墨烯纳米带GNR1的液体分散体进行分离处理以至少部分地除去一种或多种污染物,从而得到经提纯的石墨烯纳米带GNR1的液体分散体。",中国专利,,CNKI
Patent,1,李勇;戚顺青;刘甲雪;张静;单鹏,一种含氧化石墨烯的高性能轮胎,266400 山东省青岛市黄岛区(原胶南市)凤凰山路657号,2016-04-13,CN105482201A,发明专利,"本发明涉及一种含氧化石墨烯的高性能轮胎及其制备方法,胎面胶的基本组成按照质量份数其由下述原材料组成：基体橡胶80-100份,高分散白炭黑50-70份,硅烷偶联剂4-6份,炭黑5-10份,氧化石墨烯母胶0-10份,增塑剂2-8份,活性剂1-3份,防老剂1-3份,硫化促进剂1-3份,普通硫磺1-2份,防焦剂0-0.3份,所述氧化石墨烯母胶为氧化石墨烯和天然橡胶的复合物,其中氧化石墨烯的质量份数占母胶的5%-15%。氧化石墨烯提高了胎面胶复合材料的拉伸强度、定伸应力、硬度和耐磨性等性能。",中国专利,,CNKI
Patent,1,李亮;刘玉兰;刘仿军;张桥,一种碳化硅/磺化石墨烯/聚苯胺复合耐磨防腐涂料及其制备方法,430074 湖北省武汉市洪山区雄楚大街693号,2016-04-20,CN105504693A,发明专利,"本发明公开了一种碳化硅/磺化石墨烯/聚苯胺复合防腐涂料及其制备方法,先对碳化硅进行硅烷偶联剂改性,再与磺化石墨烯自组装,最后加入苯胺溶液中进行现场氧化聚合,得到碳化硅/磺化石墨烯/聚苯胺复合材料。随后将碳化硅/磺化石墨烯/聚苯胺复合材料加入含有环氧树脂的溶剂中,进而加入固化剂、增塑剂和消泡剂,最终得到碳化硅/磺化石墨烯/聚苯胺复合防腐涂料。本发明制备的涂料中碳化硅、磺化石墨烯、聚苯胺三者协同作用,使得复合涂料既具有一定的导电性,又具有良好的物理性能,同时提供物理阻隔与化学防腐效果。本发明复合涂料的制备方法简便可控,操作简单,不需要复杂设备,有利于规模化工业生产。",中国专利,,CNKI
Patent,1,唐一林;张金柱;彭文杰;王双成;刘顶,一种含有石墨烯的复合聚氨酯泡沫、制备方法和用途,250204 山东省济南市章丘市刁镇工业经济开发区济南圣泉集团股份有限公司,2016-04-20,CN105504199A,发明专利,"本发明涉及一种含有石墨烯的聚氨酯泡沫,所述聚氨酯泡沫中含有石墨烯结构以及非碳非氧非氢元素；本发明通过选用特定的碳纳米结构复合物,实现了只需要将其与聚醚多元醇简单混合,然后与多异氰酸酯聚合即可实现对聚氨酯的复合的目的,省略了对碳纳米结构复合物进行复合的步骤,工艺简单,与现有设备无缝连接。",中国专利,,CNKI
Patent,1,唐一林;张金柱;张安;栾峰;刘顶,一种含有石墨烯的复合聚酯材料、制备方法和用途,250204 山东省济南市章丘市刁镇工业经济开发区,2016-04-20,CN105504700A,发明专利,"本发明涉及一种含有石墨烯的复合聚酯材料,所述聚酯材料中含有石墨烯；所述石墨烯是通过碳纳米结构复合物的形式引入；所述碳纳米结构复合物中包括石墨烯,以及SP3杂化结构的碳。本发明通过选用特定碳纳米结构的复合物,来复合聚酯材料,获得了具有更加优良的抑菌和低温远红外的性能；本发明提供的碳纳米结构的复合物复合的聚酯材料制备方法简单。",中国专利,,CNKI
Patent,1,汤广顺,一种石墨烯改性聚酯玻璃钢材料及其制作方法,241200 安徽省芜湖市繁昌阳光城市花园3栋406室,2016-04-20,CN105504733A,发明专利,"本发明公开了一种石墨烯改性聚酯玻璃钢材料,通过物理方法将玻璃纤维进行超低温预处理后,提高了其抗弯性能、拉伸性能和层间剪切性能,经高温处理使玻璃纤维表面原有胶料氧化分解,进而除去玻璃纤维储存吸附的水,再通过化学方法对其表面进行接枝改性多孔性碳纳米管等材料,具有空穴结构,待玻璃纤维与基体进行复合时,一些高聚物的链段进入到空穴中,起到类似锚固作用,由此增加了玻璃纤维与聚合物界面之间的结合力,提高了产品的耐冲击性能,制得的玻璃钢材料具有脆性低、韧性大、甲醛含量低、拉伸强度大等优点。",中国专利,,CNKI
Patent,1,储成林;卢秋晖,一种稀土氧化物-石墨烯复合掺杂镀锌层的制备方法,210096 江苏省南京市四牌楼2号,2016-04-20,CN105506715A,发明专利,"本发明涉及一种稀土氧化物-石墨烯复合掺杂镀锌层的制备方法,属于金属材料腐蚀与防护领域。本发明主要包括如下制备步骤：将钢铁镀件表面进行碱洗除油和酸洗除锈等预处理；采用氯化钾型微酸性镀锌电解液作为基液,在此基液中加入石墨烯和稀土氧化物得到复合镀液；以锌片为阳极材料、以预处理过的钢铁镀件为阴极材料置入复合镀液中进行电镀,得到在钢铁镀件表面形成的稀土氧化物-石墨烯复合掺杂电镀锌防腐涂层。",中国专利,,CNKI
Patent,1,林怡君;阿茹娜·扎姆;张博增;李晓燕;林瑞基,由组合的石墨烯和导电纳米丝超声喷涂导电且透明的膜,美国俄亥俄,2016-04-13,CN105492126A,发明专利,"一种生产透明且导电的膜的超声喷涂方法,该方法包含：(a)操作超声喷雾装置以形成第一分散体的气雾液滴,该第一分散体包含在第一液体中的第一导电纳米丝；(b)形成第二分散体的气雾液滴,该第二分散体包含在第二液体中的石墨烯材料；(c)将第一分散体的气雾液滴和第二分散体的气雾液滴沉积到支承基底上；和(d)从液滴去除第一液体和第二液体以形成所述膜,所述膜由第一导电纳米丝和石墨烯材料构成,具有1/99到99/1的纳米丝对石墨烯的重量比,其中所述膜表现出不小于80％的光学透明度和不高于300欧姆/平方的薄层电阻。",中国专利,,CNKI
Patent,1,杨淑静;杨超;丛海林;于冰,一种氧化石墨烯修饰柱的制备方法,266071 山东省青岛市宁夏路308号青岛大学,2016-04-20,CN105498287A,发明专利,"本发明涉及一种氧化石墨烯修饰柱的制备方法,具体包括氧化石墨烯溶液的制备、石英毛细管柱的预处理和氧化石墨烯的修饰。利用氧化石墨烯的共价键作用修饰石英毛细管柱的内壁,不仅能够修饰毛细管内壁作为固定相,同时也能够为分析物的分离提供作用位点,可用于提高毛细管柱的分离能力。",中国专利,,CNKI
Patent,1,刘泉;胡连豪,石墨烯污水净化装置,100070 北京市丰台区南四环西路188号7区3号楼,2016-04-20,CN105498356A,发明专利,"本发明公开了一种石墨烯污水净化装置,其包括：从高到低呈阶梯式排布的多级污水沉淀池,上一级污水沉淀池的顶部高于下一级污水沉淀池的顶部,最上级污水沉淀池具有污水入口,最下级污水沉淀池具有污水出口；泵送机构,连接在各级污水沉淀池之间以及最下级污水沉淀池与污水出口之间,用于将污水从上一级污水沉淀池泵送至下一级污水沉淀池,并使污水从污水出口排出；过滤机构,位于最下级污水沉淀池的下游,污水出口上连接有喷头,喷头设置在过滤机构的正上方,过滤机构包括氧化石墨烯制成的石墨烯过滤层；以及净水箱,其位于过滤机构的下方,用于储存处理后的净水。该石墨烯污水净化装置可以改善污水的净化效果,提高污水的净化效率。",中国专利,,CNKI
Patent,1,张东;尚玉,用于制备石墨烯/碳纳米管材料的电化学装置,200092 上海市杨浦区四平路1239号,2016-04-20,CN205170979U,实用新型,"本实用新型涉及用于制备石墨烯/碳纳米管材料的电化学装置,包括信号发生器、功率放大器、示波器、反应槽及第一电极与第二电极,并且第一电极与第二电极分别与功率放大器的输出端电连接,装置还包括控制器、与控制器电连接的第一驱动气缸及第二驱动气缸,第一电极与第二电极分别与第一驱动气缸、第二驱动气缸传动连接,控制器控制第一驱动气缸、第二驱动气缸分别带动第一电极、第二电极相对滑动,调节第一电极与第二电极之间的相对距离。与现有技术相比,本实用新型搭建成本低廉,操作简单,运行安全、可靠、环保,同时可大范围调控实验所需各反应参数,实现规模化制备石墨烯/碳纳米管材料的目的。",中国专利,,CNKI
Patent,1,罗伯特·安古斯·威廉·杰夫;伊恩·安东尼·金洛克;阿姆鲁·M.·阿朴杜勒,石墨烯和石墨烷的生产,英国曼彻斯特市,2016-04-20,CN105518183A,发明专利,"本发明提供了一种在电化学电池中生产石墨烯、厚度小于100nm的纳米石墨片结构和石墨烷中的一种或多种的方法,所述电池包括：(a)阴极,所述阴极为石墨；(b)阳极,所述阳极可以是石墨或者其它材料；(c)电解液,所述电解液选自(ⅰ)离子液体；(ⅱ)低共熔溶剂；和(ⅲ)固体离子导体,可选地,所述电解液进一步包含(ⅳ)一种或多种离子物质,其中,(ⅰ)、(ⅱ)或(ⅲ)和(ⅳ)的量大于电解液总重量的50wt％；其中,电解液包括不同阳离子的混合物；其中,所述方法包括在所述电池中通电流的步骤以将离子嵌入到石墨阴极上以便剥离所述石墨阴极。",中国专利,,CNKI
Patent,1,姜浩;马金鑫;黄德萍;弋天宝;徐鑫;高ￂQ;李占成;史浩飞,一种石墨烯叠层复合掺杂方法,400714 重庆市北碚区方正大道266号,2016-04-20,CN105504326A,发明专利,"本发明提供一种石墨烯叠层复合掺杂方法,步骤如下：步骤一,配制氧化剂涂布液；步骤二,在目标基底表面涂布氧化剂溶液,并加热干燥形成氧化剂涂层；步骤三,将涂布有氧化剂的目标基底置于密闭容器中,加热到一定温度；步骤四,将导电高分子前驱体加热气化,与载气混合通入密闭容器,小分子前驱体吸附在氧化涂层上聚合形成掺杂涂层；步骤五,用去离子水浸泡掺杂涂层并烘干；步骤六,将石墨烯转移到带有掺杂涂层的目标基底。进一步,在上述石墨烯上重复上述步骤二至步骤五形成第二掺杂涂层。本发明在目标基底表面原位形成一层厚度均匀可控的掺杂涂层,掺杂效果均匀；此外,掺杂涂层本身稳定,转移后位于石墨烯与目标基底之间,掺杂效果稳定持久。",中国专利,,CNKI
Patent,1,唐一林;张金柱;许日鹏;刘顶,石墨烯在保存天然乳胶中的应用和乳胶制品,250204 山东省济南市章丘市刁镇工业经济开发区济南圣泉集团股份有限公司,2016-04-20,CN105504342A,发明专利,"本发明涉及天然乳胶技术领域,本发明提供了一种石墨烯在保存天然乳胶中的应用和乳胶制品。本发明采用石墨烯对天然乳胶进行保存,这样天然乳胶中可不需另加或少加氨稳定剂,具有较小的刺激气味甚至没有刺激气味,并且存放的保质期不受影响。本发明提供的乳胶制品由上文保存得到的天然乳胶制成；本发明提供的乳胶制品具有抗菌抑菌的功能,刺激气味小,存放的保质期长。此外,本发明提供的乳胶制品还具有远红外功能,能够促进人体的微循环。所述乳胶制品具有优异的力学性能、吸附功能和吸湿排汗功能等,应用性能好。",中国专利,,CNKI
Patent,1,曲丽君;田明伟;朱士凤;周卉卉;陈国华;孙亚宁,一种石墨烯超高分子量聚乙烯杂化纤维的制备方法,266061 山东省青岛市宁夏路308号青岛大学,2016-04-13,CN105483848A,发明专利,"本发明属于高性能纤维制备技术领域,涉及一种石墨烯超高分子量聚乙烯杂化纤维的制备方法,包括石墨烯(或氧化石墨烯)亲油改性、亲油改性石墨烯分散液与超高分子量聚乙烯石蜡油性纺丝液共混和冻胶湿法纺丝制备石墨烯增强超高分子量聚乙烯杂化纤维三个工艺步骤；将石墨烯或氧化石墨烯分散于乙醇溶液中,再加入亲油改性剂共混,进行亲油接枝改性,将抗氧化剂和超高分子量聚乙烯中加入石蜡制得超高分子量聚乙烯石蜡油性纺丝液,将亲油改性石墨烯分散液共混至超高分子量聚乙烯石蜡油性纺丝液；制备的纤维基体强度高,具有抗蠕变、耐热性好,改善应力集中等力学性能；其制备工艺简单,便于操作,应用广泛。",中国专利,,CNKI
Patent,1,车春玲,一种石墨烯聚苯胺复合材料的制备方法,250000 山东省济南市高新区世纪大道15612号1号楼1-1603,2016-04-20,CN105506780A,发明专利,"本发明公开了一种石墨烯聚苯胺复合材料的制备方法,其具体步骤如下：(1)将石墨烯溶解于无水乙醇与N,N-二甲基甲酰胺复合溶液中,超声分散,制得石墨烯溶液；(2)将聚丙烯腈粉末加入到N,N-二甲基甲酰胺溶液中,加热搅拌溶解,获得聚丙烯腈溶液；(3)将聚苯胺加入到溶剂中,搅拌溶解,制得聚苯胺溶液；(4)将石墨烯溶液和聚苯胺溶液滴入聚丙烯腈溶液中,充分搅拌,静置脱泡后得到静电纺丝前驱液,将上述纺丝溶液加入到静电纺丝装置中进行静电纺丝,真空干燥后制备获得石墨烯聚苯胺复合纳米纤维膜。本发明的制备方法操作简单、成本低廉。",中国专利,,CNKI
Patent,1,不公告发明人,一种用石墨烯改性橡胶的加工方法,266000 山东省青岛市市北区山东路109号-3102,2016-04-13,CN105482155A,发明专利,"一种用石墨烯改性橡胶的加工方法,橡胶配方中通常含有液体软化剂,在橡胶加工过程中,把一定量的石墨烯和分散剂预先分散到液体软化剂中,形成石墨烯浓度为5％-10％分散液,再按传统的橡胶加工方法进行加工,就能得到得到物理性能优异的橡胶胶料。本发明的适用范围：用石墨烯改性橡胶的加工过程。",中国专利,,CNKI
Patent,1,彭雁;杜桂香,制备三维石墨烯包覆单粒子纳米金刚石材料的配方及方法,201203 上海市浦东新区张江高科技园区芳春路400号1幢3层301-442室,2016-04-13,CN105481621A,发明专利,"本发明提供了制备三维石墨烯包覆单粒子纳米金刚石材料的配方及方法；采用三硝基甲苯、黑索金和金属作为配方原料,并将配方原料制备成含能材料,从而利用高能量来合成三维石墨烯包覆单粒子纳米金刚石材料；本发明的配方应用于含能材料反应法,相对于传统制备过程没有导致成本的大幅度增加,并且可以为三维石墨烯包覆单粒子纳米金刚石材料的形成提供足够的高能量,得到纯度较高的三维石墨烯包覆单粒子纳米金刚石材料。",中国专利,,CNKI
Patent,1,赵栋;刘小文,一种掺有改性石墨烯的冷喷锌防腐涂料,226000 江苏省南通市如东县双甸镇工业园A南通铭顺玻纤制品有限公司,2016-04-20,CN105505212A,发明专利,"本发明涉及一种掺有改性石墨烯的冷喷锌防腐涂料,其组成原料的重量份为：改性石墨烯50-80、聚丙烯醋酸乙烯酯10-15、环氧树脂20-38、锌粉70-210、滑石粉17-40。所述的改性石墨烯是通过离子交换将咪唑中的乙烯基苄基交换到石墨烯的边缘部位,然后与甲基丙烯酸甲之聚合,得到的石墨烯聚甲基丙烯酸甲酯复合材料,即改性石墨烯。本发明的冷喷锌涂料适用于海工环境的海上风电设备防护,或者用于内陆管径的陆上钢结构的长效防腐。",中国专利,,CNKI
Patent,1,何毅;第海辉;余宗学;马瑜;潘洋;施太和;李飞;曾广勇,一种氧化铝/氧化石墨烯片状杂化物及其制备方法,610599 四川省成都市新都区新都大道8号,2016-04-13,CN105482511A,发明专利,"本发明公开了一种氧化铝/氧化石墨烯片状杂化物,其制备方法包括以下步骤：(1)氧化石墨烯的制备；(2)改性Al2O3的制备；(3)氧化铝/氧化石墨烯的制备：称取0.05g改性的Al2O3、氧化石墨烯、100mL#N,N-二甲基甲酰胺,混匀,超声分散30min,105℃搅拌反应5h,离心,用无水乙醇洗涤固体物质,将固体置于60℃真空烘箱中干燥24h,研磨得氧化铝/氧化石墨烯片状杂化物。该制备方法用纳米Al2O3改性GO片层,两者间具有较强的结合力,不仅可以避免Al",中国专利,,CNKI
Patent,1,何毅;吕亮;余宗学;第海辉;曾广勇;潘阳;詹迎青,一种甲硝唑改性氧化石墨烯复合材料及其制备方法,610599 四川省成都市新都区新都大道8号,2016-04-13,CN105482533A,发明专利,"本发明公开了一种甲硝唑改性氧化石墨烯复合材料,其制备方法包括以下步骤：(1)制备氧化石墨烯；(2)将马来酸酐于75℃的油浴锅中搅拌溶解,然后将氧化石墨烯加入溶解的马来酸酐中反应3h,再添加蒸馏水并升温到86℃反应16h,最后抽滤、洗涤、干燥、研磨制得马来酸酐改性的氧化石墨烯；(3)将马来酸酐改性的氧化石墨烯分散在二甲基甲酰胺中,然后加入甲硝唑、二环己基二亚胺和4-二甲氨基吡啶,在氮气保护下,80℃反应48h,制得甲硝唑改性氧化石墨烯复合材料。本发明使用常规材料,在温和条件下制得复合材料,并将其添加到涂层中,充分发挥复合材料与涂层两者的优异性能,降低对环境的污染。",中国专利,,CNKI
Patent,1,赵栋;符云鹏;刘小文,一种掺有石墨烯的冷喷锌防腐涂料,226000 江苏省南通市如东县双甸镇工业园A南通铭顺玻纤制品有限公司,2016-04-20,CN105505095A,发明专利,"本发明涉及一种掺有石墨烯的冷喷锌防腐涂料,其组成原料的重量份为：石墨烯1-2.5、甲基丙烯酸六氟丁酯10-15、环氧树脂20-38、硅酸锌70-210、钛白粉17-40,消泡剂10-20、增韧剂5-8、固化剂5-8、填充剂30-70,所述的冷喷锌涂料适用于海工环境的海上风电设备防护,或者用于内陆管径的陆上钢结构的长效防腐。",中国专利,,CNKI
Patent,1,王永刚;关有俊;熊永强,石墨烯涂镀锌防腐涂料及制备方法,518000 广东省深圳市南山区科技园松坪山路5号嘉达研发大楼B座5楼,2016-04-20,CN105505110A,发明专利,"本发明公开一种石墨烯涂镀锌防腐涂料及制备方法,其中,石墨烯涂镀锌防腐涂料由包含以下重量份的组分制成：无水乙醇0.05~0.06份、二甲苯溶剂1.45~1.50份、有机膨润土0.16~0.5份、环己酮溶剂3.6~7.6份、乙二醇丁醚溶剂3.6~7.6份、防沉剂0.24~0.26份、锌粉55~76份、石墨烯浆料0.15~0.22份、环氧树脂15~25份、消泡剂份及流平剂0.12~0.15份。本发明技术方案主要采用石墨烯具有较佳的抗氧化性能,具有极佳的防腐性能,能够提高钢制材质的设备和建筑的使用寿命,同时还具有较好的附着力、耐老化性、防水性的优点。",中国专利,,CNKI
Patent,1,岳巍,一种石墨烯导电涂料及其制备方法,226010 江苏省开发区星湖大道1692号21(22)幢1292室,2016-04-20,CN105505134A,发明专利,"本发明公开了一种石墨烯导电涂料及其制备方法,该涂料由石墨烯、环氧丙烯酸酯树脂、聚氨酯丙烯酸酯、聚乙烯蜡和乙醇组成,并配合以超声分散、机械搅拌等工艺制备。该涂料具有与导电性能良好、兼备良好的热传导性能、电路基板结合性能好、污染小对环境友好、成本低、适宜于大规模工业化生产等优点,在大功率LED基板、平板显示器、太阳能电池制备等对高性能、低成本导电涂料有需求的领域有广阔的应用前景。",中国专利,,CNKI
Patent,1,李亮;刘玉兰;刘仿军;张桥,一种聚苯胺/碳化硅/石墨烯复合防腐涂料及其制备方法,430074 湖北省武汉市洪山区雄楚大街693号,2016-04-13,CN105482645A,发明专利,"本发明公开了一种聚苯胺/碳化硅/石墨烯复合防腐涂料及其制备方法,先通过现场聚合实现聚苯胺与碳化硅纳米粒子的复合,再通过静电自组装将氧化石墨烯包覆聚苯胺/碳化硅材料,再利用水合肼还原,得到聚苯胺/碳化硅/石墨烯复合材料。随后将聚苯胺/碳化硅/石墨烯复合材料加入含有环氧树脂的溶剂中,进而加入固化剂、增塑剂和消泡剂,最终得到聚苯胺/碳化硅/石墨烯复合防腐涂料。本发明采用聚苯胺与石墨烯具有良好的导电性,可以起到防腐的效果；碳化硅硬度高、热稳定性高,用于增强涂料性能。本发明制备的涂料具有优良的防腐性能,且生产工艺成熟、操作简单,无需复杂设备、易于规模化工业生产。",中国专利,,CNKI
Patent,1,吴政轩,一种石墨烯涂层、石墨烯散热片及其制造方法,516087 广东省深圳市南山区蛇口太子路18号海景广场7A,2016-04-13,CN105482665A,发明专利,"本发明适用散热技术领域。本发明公开一种用于直接或间接接触将电发热器件热量散开的石墨烯涂层、石墨烯散热片。与现有技术相比,散热效率更高,工艺简单。",中国专利,,CNKI
Patent,1,赵建东;梁翰越,一种石墨烯改性水性导电涂料组合物及其制备方法,214174 江苏省无锡市惠山区堰新路311号1702室,2016-04-20,CN105505161A,发明专利,"本发明专利公开了一种石墨烯改性水性导电涂料组合物,由水溶性树脂、石墨烯、石墨、导电碳黑、水性增稠剂、成膜剂、水性交联偶联剂、水性分散剂和去离子水组成；制作步骤为：(1)制备石墨烯/聚氨酯树脂导电有机载体,(2)制备水性导电涂料,(3)将第1步石墨烯/聚氨酯树脂导电有机载体和第2步制得的水性导电涂料混合物倒入搅拌器中进行充分搅拌混合2小时,得到石墨烯改性水性导电涂料。本发明制备的石墨烯改性水性导电涂料,不但解决了石墨烯微片和导电炭黑在水系树脂分散难的问题,而且涂料的粒径分布窄,与粘结树脂有良好的相容性,导电材料含量高,涂料成膜后能很大程度上降低涂层的电阻,制备的导电涂料稳定性好。",中国专利,,CNKI
Patent,1,桂阳海;郭智荣;赵建波;王海燕,一种多级结构纳米In2O3/石墨烯复合材料及其制备方法和应用,450000 河南省郑州市东风路5号,2016-04-20,CN105510390A,发明专利,"本发明公开了一种多级结构纳米In2O3/石墨烯复合材料及其制备方法和应用,多级结构纳米In2O3/石墨烯复合材料,其结构为砖状结构。本发明还提供了多级结构纳米In2O3/石墨烯复合材料的制备方法,可溶于乙二醇的铟盐和还原氧化石墨烯与沉淀剂氨水在微波加热条件下在乙二醇溶液和氨水蒸气所形成的气-液界面进行化学反应,反应产物被不断翻滚的乙二醇溶液带走,新的产物继续产生。本发明具有如下优点：采用微波气-液界面方法所制备的纳米In2O3",中国专利,,CNKI
Patent,1,魏琴;朱文娟;吴丹;范大伟;孙旭;胡丽华;马洪敏;张勇;庞雪辉;杜斌,一种基于金杂化炭黑插层还原石墨烯的甲胎蛋白电致化学发光传感器的制备方法,250022 山东省济南市济微路106号,2016-04-13,CN105486679A,发明专利,"本发明涉及一种基于金杂化炭黑插层还原石墨烯的甲胎蛋白电致化学发光传感器的制备方法,属于电化学发光传感器领域。以三联吡啶钌为电化学发光信号源,利用金杂化炭黑插层还原石墨烯优良的生物兼容性和大的比表面积增加抗体的固载量。用纳米多孔银作为二抗标记物,根据对不同浓度的待测物的电化学发光信号强度的不同,实现对肝癌标志物甲胎蛋白的检测。",中国专利,,CNKI
Patent,1,王允强;靳建光;盛伟,一种内核为石墨烯的超大粒径磨料的制备方法,242300 安徽省宣城市宁国市港口生态工业园区经三路南侧,2016-04-20,CN105505315A,发明专利,"本发明公开了一种内核为石墨烯的超大粒径磨料的制备方法,属于石墨烯应用技术领域。本发明包括以下步骤：高纯鳞片石墨经过首次氧化形成膨胀石墨,再经过第二次氧化得到氧化石墨烯溶液,浓缩纯化后得到氧化石墨烯溶胶,将溶胶稀释至一定浓度后,调节体系pH至9～10,在一定温度下不断添加硅酸溶液即可得到超大粒径磨料。所述方法通过硅酸分子和氧化石墨烯纳米材料进行羟基缩合反应,以氧化石墨烯为晶种进行晶体生长和表面包覆,随着氧化石墨烯的不断长大和包裹即可制备出大粒径、高浓度、均匀稳定的磨料。",中国专利,,CNKI
Patent,1,高超;王冉;彭蠡;孙海燕;杨清,一种基于石墨烯的三维相变材料及其制备方法,310027 浙江省杭州市西湖区西溪路525号C楼715室,2016-04-20,CN105505330A,发明专利,"本发明涉及一种基于石墨烯的三维相变材料及其制备方法。将一定浓度的氧化石墨烯水溶液放入液氮中快速冷冻,然后通过冷冻干燥获得氧化石墨烯气凝胶,送入高温炉中在惰性气氛下进行高温500℃ﾩ\3000℃热处理,然后浸泡在不同浓度的石蜡的二氯甲烷溶液中,充分吸收后,再放于30℃真空烘箱中干燥,得到基于石墨烯的三维相变材料。该石墨烯的三维相变材料对石蜡封装效果优异,石蜡填充量为0.1ﾩ\99.9％,膜ﾩ\石蜡复合均匀,多次加热冷却循环后,材料的熔融相变焓和凝固相变焓基本保持不变,从而实现高效热能储存。",中国专利,,CNKI
Patent,1,简松篁,一种石墨烯散热体、制备方法及其应用,361000 福建省厦门市集美区光华路17号(3号厂房),2016-04-20,CN105505334A,发明专利,"本发明公开了一种石墨烯散热体,包括以下重量份数的组分：石墨烯35-45份、三聚氰胺50-60份、甲醛35-40份、纸浆5-10份及脱模剂2-8份；本发明又公开了一种石墨烯散热体的制备方法,包括以下步骤：步骤一、称取上述重量份数的三聚氰胺及纸浆,加入重量100份的质量分数为35-40%的甲醛后,充分混合,60-80℃烘干,制得混合絮状物；步骤二、将所述混合絮状物,粉碎成200-300目颗粒状,制得混合颗粒物；步骤三、称取上述重量份数的石墨烯及硅油,加入到所述混合颗粒物中,混合均匀后,加入到模具中压铸成型,压铸温度为150-170℃,时间30-90秒,冷却,制得成品；本发明还公开了一种石墨烯散热体...",中国专利,,CNKI
Patent,1,王坤;殷媛媛;刘倩,一种镂空状碘化氧铋/氮杂石墨烯量子点微球的制备方法及用途,212013 江苏省镇江市京口区学府路301号,2016-04-13,CN105486733A,发明专利,"本发明提供了一种镂空状碘化氧铋/氮杂石墨烯量子点微球的制备方法及用途,包括以下步骤：步骤1、制备氮杂石墨烯量子点(N-GQDs)溶液的步骤；步骤2、将Bi(NO3)3·5H2O溶于乙二醇中,超声混匀,得到混合液A；步骤3、将KI溶于乙二醇中,超声混匀,得到混合液B；步骤4、将所述混合液A缓慢滴入混合液B中,并不断搅拌,逐渐形成泥浆状悬浊液C；步骤5、取步骤1制备的N-GQDs溶液缓慢滴入悬浊液C中,搅拌均匀,得到混合液D；步骤6、将混合液D移至水热反应釜中进行恒温热反应,反应完成后,将合成的沉淀物洗涤,干燥,即得镂空状BiOI/...",中国专利,,CNKI
Patent,1,朱君;徐汶菊;秦柳丽;宋树祥;傅得立,石墨烯材料的表面等离子波导痕量气体传感装置,541004 广西壮族自治区桂林市七星区育才路15号,2016-04-20,CN205175910U,实用新型,"本实用新型公开了一种石墨烯材料的表面等离子波导痕量气体传感装置,其特征是,包括顺序叠接的底层介质层、中间层和顶层的石墨烯纳米阵列层；所述的石墨烯纳米阵列层为纳米粒子结构的石墨烯阵列层。这种装置中由于石墨烯的低损耗、良好导体特性克服了信道中自发辐射产生的噪声损耗；采用的纳米粒子阵列不仅易于传播SPPs,且对于痕量气体分子的吸附效果具有显著的改进；检测的痕量气体不仅可以针对单一气体的检测,还可针对特殊环境中多种有毒气体测量。这一装置提供了一种高灵敏度、测量范围宽的传感器件,且以现有制备技术而言,易于实现。",中国专利,,CNKI
Patent,1,亓钧雷;刘瑜琳;林景煌;郭佳乐;冯吉才,一种原位生长石墨烯增强铜基电接触材料的制备方法,150001 黑龙江省哈尔滨市南岗区西大直街92号,2016-04-13,CN105483641A,发明专利,"一种原位生长石墨烯增强铜基电接触材料的制备方法,本发明涉及铜基电接触材料的制备方法。本发明要解决现有银基电接触复合材料价格高昂,性价比低的问题,用性能良好的铜基复合材料代替金属银时,存在石墨烯在铜中的分散不均匀、缺陷的问题。本发明的方法：将铜粉置于等离子体化学气相沉积真空装置中,通入氢气,并在高温下保温,再通入甲烷气体进行沉积,沉积结束后,停止通入甲烷气体,最后冷却至室温以下,得到石墨烯/铜复合粉末。本发明用于一种原位生长石墨烯增强铜基电接触材料的制备方法。",中国专利,,CNKI
Patent,1,强新发,一种石墨烯包覆碳化硅纳米线的制备方法,211167 江苏省南京市江宁科学园弘景大道1号,2016-04-20,CN105506579A,发明专利,"本发明公开了一种石墨烯包覆碳化硅纳米线的制备方法,工艺过程简单易实现,碳化硅纳米线的沉积温度较低,降低了制备成本且简化了制备工艺,通过该方法得到了直线度高且直径分布均匀的石墨烯包覆碳化硅纳米线,该产物作为陶瓷材料的增强相使用时,可强化碳化硅纳米线与陶瓷基体之间的界面结合；此外,碳化硅纳米线表面的石墨烯也具有增强增韧效果。",中国专利,,CNKI
Patent,1,王亚明;吴云峰;郭立新;贾德昌;周玉,一种制备带有抗菌耐蚀石墨烯/磷灰石复合涂层的可降解镁笼植入体的方法,150001 黑龙江省哈尔滨市南岗区西大直街92号,2016-04-20,CN105506586A,发明专利,"一种制备带有抗菌耐蚀石墨烯/磷灰石复合涂层的可降解镁笼植入体的方法,本发明涉及可降解镁笼植入体。本发明是要解决现有技术镁金属的腐蚀电位低,在体液环境下具有很高的腐蚀速率,力学完整性损失过快以及磷灰石具有膜基结合强度差,易磨损缺点的问题,而提出的一种制备带有抗菌耐蚀石墨烯/磷灰石复合涂层的可降解镁笼植入体的方法。该方法是通过一、将镁金属加工成笼状物,除油,得到笼状植入体；二、将笼状植入体加入反应釜中进行水热反应表面改性,得到含有石墨烯、磷灰石的水热复合涂层；三、使用去离子水洗涤、干燥,即得到了一种制备带有抗菌耐蚀石墨烯/磷灰石复合涂层的可降解镁笼植入体的方法等步骤实现的。本发明应用于可降解镁笼植...",中国专利,,CNKI
Patent,1,金虎;彭鹏;董泽琳;武文鑫,一种石墨烯复合材料及其生产工艺,213000 江苏省常州市武进区经济开发区祥云路6号,2016-04-20,CN105506621A,发明专利,"本发明公开了一种石墨烯复合材料及其生产工艺,其中石墨烯复合材料包括基底以及交替沉积在基底表面的石墨烯层和金属纳米颗粒层。本发明基于超细化喷涂工艺设计制备的复合材料具有超高强度和优秀的表面润滑性且容易覆盖在任意基材表面,可以作为一种良好的界面材料,有效的防止因摩擦引起的材料及能量的损耗。相对于其它石墨烯复合材料制作工艺,喷涂不但工艺简单便捷,应用范围广,而且可以在有效的控制双组份占比的同时保证复合材料整体的均一性,因此该复合材料的实用价值很高。",中国专利,,CNKI
Patent,1,韩婷;李小鹏;孙予罕;肖亚宁;刘斌;孙志强,一种制备银纳米线-石墨烯复合气凝胶的方法,201210 上海市浦东新区海科路99号,2016-04-20,CN105499600A,发明专利,"本发明公开了一种制备银纳米线-石墨烯复合气凝胶的方法,包括如下步骤：1)氧化石墨烯水溶液的制备：将氧化石墨烯片加入到水中进行混合制备成质量浓度为0.5~10mg/mL的氧化石墨烯水溶液；2)将质量浓度为1~20mg/mL的银纳米线溶液加入到步骤1)中的氧化石墨烯水溶液中进行混合,制备获得混合溶液；3)向所述混合溶液中加入还原剂并在密闭容器中进行反应制备成水凝胶；4)对所述水凝胶进行清洗和干燥即制备获得所述气凝胶。本发明的银纳米线/石墨烯复合气凝胶材料粒度可以明显降低水凝胶体积的收缩,并在石墨烯中负载大量高活性银纳米颗粒,该材料中具有超大孔隙率,低密度,比表面积大,并且形状可调,制备过程简单等优...",中国专利,,CNKI
Patent,1,梁彬麒;张凯雯;翟庆国,石墨烯电热拖鞋,213000 江苏省常州市武进经济开发区兰香路8号,2016-04-20,CN205162062U,实用新型,"本实用新型涉及石墨烯的技术领域,尤其涉及一种石墨烯电热拖鞋。这种石墨烯电热拖鞋包括鞋面,所述鞋面的前端设有温度传感器,在鞋面的后端设有控制模块,所述控制模块内设有蓝牙控制盒以及给蓝牙控制盒提高电源的电池,鞋面内设有石墨烯电热膜。这种石墨烯电热拖鞋的加热速度迅速,可快速升高脚面温度；电热膜的重量极轻,可弯曲,对拖鞋增加重量不大,采用石墨烯电热膜,其远红外线可促进脚部血液循环；蓝牙控制盒的设置可通过手机控件进行温度控制,使用灵活。",中国专利,,CNKI
Patent,1,吕生华;朱琳琳,环氧树脂基氧化石墨烯纳米皮革鞣剂及制备方法,710021 陕西省西安市未央大学城,2016-04-13,CN105483298A,发明专利,"本发明公开了一种环氧树脂基氧化石墨烯纳米皮革鞣剂,由以下材料按照质量份组成：氧化石墨烯分散液40~60份、环氧氯丙烷25~40份、三羟甲基丙烷15~25份、氧化剂0.3~0.8份、强碱溶液0.1~0.4份、β-环糊精0.04~0.08份；本发明还公开了一种环氧树脂基氧化石墨烯纳米皮革鞣剂的制备方法,以氧化石墨烯、环氧氯丙烷和三羟甲基丙烷作为反应物,并采用氢氧化钠制造强碱环境(pH=11~13),在β-环糊精的催化作用制备得到了环氧树脂基氧化石墨烯纳米皮革鞣剂,可用于皮革鞣制,其鞣制效果可与铬鞣剂相当,皮革的收缩温度可以达到105℃,抗张强度、撕裂强度和断裂伸长率等性能与铬鞣皮格相当。",中国专利,,CNKI
Patent,1,白德旭,一种石墨烯智能服饰,610199 四川省成都市龙泉驿区龙泉酱园街36号1栋3单元2楼1号,2016-04-20,CN105506812A,发明专利,"本发明涉及一种石墨烯智能服饰,其特征在于,所述智能服饰包括温度监测部、以聚酯、聚丙烯或聚酰胺聚合物纤维织布为基底制备的石墨烯发热片和数据收集处理部；石墨烯发热片包括柔性衬底上设置的在经机械剥离的小片石墨烯薄膜的基础上经固体碳源溅射方式生成的石墨烯膜以及和以石墨烯膜为基底经溅射或压印方式生成的纳米级镀层电路；所述智能服饰基于温度监测部的监测数据和数据收集处理部的控制数据控制石墨烯发热片发热。本发明的智能服饰具有使用轻便特点,能够对人体温度进行实时检测和控制的特点,且石墨烯发热片发射的远红外线辐射不仅对人体没有伤害,还具有改善身体微循环系统和促进新陈代谢的良好医疗保健效果。",中国专利,,CNKI
Patent,1,车春玲,一种多孔石墨烯纳米纤维膜的制备方法,250000 山东省济南市高新区世纪大道15612号1号楼1-1603,2016-04-13,CN105483939A,发明专利,"本发明提供了一种多孔石墨烯纳米纤维膜的制备方法。该方法的步骤包括：(1)将氧化石墨烯加入到无水乙醇中,超声分散后制得分散均匀的石墨烯乙醇溶液；(2)将聚丙烯腈和制孔剂溶解于N,N-二甲基甲酰胺和丙酮的混合溶液中；(3)在搅拌条件下,将石墨烯乙醇溶液加入到聚丙烯腈溶液中,混合均匀静置脱泡后在静电纺丝装置中制备出聚丙烯腈/石墨烯复合纳米纤维膜；(4)将聚丙烯腈/石墨烯复合纳米纤维膜置于50℃～70℃的水中30～40分钟,得到多孔石墨烯纳米纤维膜。所制备的多孔石墨烯纳米纤维膜在物质的分离与富集、催化剂载体、医用生物材料、离子吸附、废水处理等领域存在较高的应用价值。",中国专利,,CNKI
Patent,1,刘连梅,一种石墨烯复合导电纤维的制备方法,242300 安徽省宣城市宁国市港口生态工业园区经三路南侧,2016-04-13,CN105484016A,发明专利,"本发明公开了一种石墨烯复合导电纤维的制备方法,涉及石墨烯技术领域,首先使用有机溶剂处理常见的纺织高分子纤维,以去除纤维表面油剂等杂质；之后浸入碱液以及氧化石墨烯溶液中,使纤维表面充分接触氧化石墨烯,再经干燥后将带有氧化石墨烯涂层的纤维浸入含有还原剂的溶液中,得到石墨烯复合导电纤维。本发明采用简单的浸渍涂层方法,得到的复合纤维既具有传统高分子材料的力学、耐高温、柔性性能,又具有良好的导电性。该方法易操作、绿色环保、便于工业化。",中国专利,,CNKI
Patent,1,张朝晖;翟庆国;梁彬麒,石墨烯加热写字板,213000 江苏省常州市武进经济开发区兰香路8号,2016-04-20,CN205167974U,实用新型,"本实用新型涉及写字板技术领域,尤其是一种石墨烯加热写字板。一种石墨烯加热写字板,包括写字板,所述写字板上部设有覆盖层,所述写字板内设有石墨烯电热膜,所述石墨烯电热膜与温度控制盒连接,所述温度控制盒与变压器连接面所述变压器与电源连接。这种石墨烯加热写字板在使用的时候,可以通过常规电源或者移动电源对石墨烯电热膜进行供电加热,并且写字板发了均匀,采用低电压供电安全性能高,使用效果良好,满足使用需求。",中国专利,,CNKI
Patent,1,黄天辉;田兆福;周俊;李志华;刘茜,一种含氧化石墨烯颗粒的减害型三元复合滤棒,530001 广西壮族自治区南宁市北湖南路28号,2016-04-13,CN205143475U,实用新型,"本实用新型公开了含氧化石墨烯颗粒的减害型三元复合滤棒,包括滤芯,所述滤芯外部设置有包裹层,所述滤芯包括顺次交替连接的醋酸纤维段、氧化石墨烯颗粒段和醋酸纤维段。本实用新型能选择性降低卷烟烟气中巴豆醛的释放量,减少烟气中有害成分对人体的危害。",中国专利,,CNKI
Patent,1,贾文章;宋峰;陈侃松;冯鸣;张卫国,石墨烯-微纳光纤复合结构全光调制器,225108 江苏省扬州市广陵区头桥镇西贝路,2016-04-20,CN105511200A,发明专利,"石墨烯-微纳光纤复合结构全光调制器,涉及光通信及其传感传输技术领域。包括氟化镁基片、微纳光纤、石墨烯薄膜,所述微纳光纤包括输入光纤、输出光纤,所述输入光纤、输出光纤分别固定在所述氟化镁基片上,输入光纤、输出光纤之间间隔,石墨烯薄膜覆盖在输入光纤、输出光纤上,输入光纤、输出光纤的接头端分别设置在氟化镁基片外。该全光调制器体积小、响应速度快、制备工艺简单、无需波导光纤耦合、封装容易、成本低、利于全光纤化、宽光带(覆盖可见光及近红外波段)的工作波长等优势。该全光调制器采用了石墨烯拉锥光纤结构,系统误差和光损耗都很小。",中国专利,,CNKI
Patent,1,杨俊;汤林龙;冯双龙;魏兴战;史浩飞;杜春雷,一种基于石墨烯的微测辐射热计,400714 重庆市北碚区方正大道266号,2016-04-13,CN105486414A,发明专利,"本发明涉及一种基于石墨烯微测辐射热计,所述石墨烯微测辐射热计包括硅基底(101)、悬空孔(102)、悬空支撑层(103)、金属电极引线(104)、石墨烯红外敏感层(105)、石墨烯保护层(106)、悬空支撑层微孔(107)。该微测辐射热计采用石墨烯作为宽波段红外吸收敏感层,采用悬空支撑层微孔结构提高了红外探测灵敏度,结构简单,成本低,且具有优异的非制冷宽波段红外探测性能。",中国专利,,CNKI
Patent,1,张凯雯;翟庆国;梁彬麒,石墨烯电热轮椅座垫,213000 江苏省常州市武进经济开发区兰香路8号,2016-04-20,CN205163443U,实用新型,"本实用新型涉及石墨烯的技术领域,尤其涉及一种石墨烯电热轮椅座垫。这种石墨烯电热轮椅座垫包括轮椅的侧面扶手上设有锂电池以及温度控制盒,轮椅上设有石墨烯电热座垫,所述石墨烯电热座垫由座垫垫层和座垫基底组成,在座垫垫层内以及轮椅的后背内设有石墨烯电热膜,所述座垫垫层和轮椅的后背内还设有温度传感器。这种石墨烯电热轮椅座垫的结构简单,通过石墨烯电热膜在低电压电场作用下,碳原子间相互碰撞、摩擦产生热量,电热转换效率可高达99%及以上,给轮椅进行加热,并且可以通过蓝牙控制。",中国专利,,CNKI
Patent,1,丁选明;仉文岗;瞿立明;黄宇航,一种地基处理中的石墨烯电渗电极,400044 重庆市沙坪坝区沙正街174号,2016-04-13,CN205152940U,实用新型,"本实用新型提供一种地基处理中的石墨烯电渗电极,由电极主体和石墨烯薄膜组成,所述电极主体是光滑的金属柱体或管体,所述石墨烯薄膜附着在电极主体的表面。本实用新型提供的电渗电极利用石墨烯的超高载流子传输速度改善金属导体的导电能力并提高其耐腐蚀能力,从而实现比原纯金属导体更强的导电性能及更好的抗腐蚀性能,并且制造简单,可批量生产。",中国专利,,CNKI
Patent,1,冯冠平;翟庆国;梁彬麒,石墨烯电热踢脚线,213000 江苏省常州市武进经济开发区兰香路8号,2016-04-20,CN205171945U,实用新型,"本实用新型涉及一种踢脚线,尤其是石墨烯电热踢脚线。该踢脚线包括踢脚线机体、进风口、出风口、温度显示器和蓝牙控制模块,踢脚线机体上设有进风口、出风口和温度显示器,壳体内设有蓝牙控制模块,踢脚线机体内设有石墨烯电辅热体,石墨烯电辅热体由石墨烯电热膜与铝合金框架组成,石墨烯电热膜为卷曲状,该踢脚线能够提高其加热效率,降低能耗,且不受腐蚀,可以提高使用寿命,设备除框架和保护壳外加热膜重量非常轻,便于移动,比传统加热器轻60%,制作简单,节约了成本。",中国专利,,CNKI
Patent,1,蔡世山;吴联柱,一种含氧化石墨烯陶瓷的制备方法,201108 上海市闵行区光华路145号,2016-04-20,CN105503145A,发明专利,"本发明公开了一种含氧化石墨烯陶瓷的制备方法,其特征在于,将氧化石墨烯,陶土,氧化锆混合后注入球磨机,加水后进行粉磨；将磨好的泥浆料进行沉淀；沉淀后抽出上层清液,并将沉淀物取出放在干净的地面上晒干；将晒干后的泥土放入炼泥机中进行炼泥,同时排除泥中的空气；将炼好的泥制成相应的坯体,并烘干；将烘干后的坯体放入烧制陶瓷坯体,在1200～2000℃下煅烧4～12小时,自然冷却得到氧化石墨烯陶瓷制品。本发明在保持陶瓷其他性能不受影响的情况下,相较于传统陶瓷制品其密度、抗拉伸强度、硬度大幅度提升,同时相较于石墨烯陶瓷制品在陶瓷断裂前具有形变效果,可以更好的提示及预警该产品已损坏,减少事故发生率。",中国专利,,CNKI
Patent,1,王晓伟,一种改性石墨烯掺杂的钴酸锂电正极材料及其制备方法,266000 山东省青岛市市北区山东路138号,2016-04-20,CN105514414A,发明专利,"本发明涉及一种改性石墨烯掺杂的钴酸锂电正极材料及其制备方法。本改性石墨烯掺杂的钴酸锂电正极材料按重量份计,由以下组分按照所示比例制备而成,氧化石墨烯55、锰酸锂65、45％的硝酸铁锂溶液25、鳞片石墨3、粘结材料3。本发明克服了锂离子电池因为保护板自放电而造成失效的缺陷,从而改善整个电池组的自放电,实现延长锂电池存放时间的目的,保证用户使用完用电器而不充电的情况下可以储存较长的时间。",中国专利,,CNKI
Patent,1,秦显忠;杨改;高剑;蔡飞鹏;蒋波;王波;谭春晖,一种球形石墨烯/FePO4复合材料及其制备方法,250014 山东省济南市历下区科院路19号,2016-04-20,CN105514431A,发明专利,"本发明公开了一种球形石墨烯/FePO4复合材料及其制备方法,步骤如下：(1)配置铁盐和含磷化合物的水溶液；(2)将水溶液和碱性溶液并流加入反应釜中,保持pH为2-4,温度为20-90℃,得到一次生长的石墨烯/FePO4·2H2O；(3)将制备的一次生长的石墨烯/FePO4·2H2O浓缩后分散在反应釜中,重复步骤(2)中的操作,经抽滤、洗涤和干燥后得到二次生长的球形石墨烯/FePO4·2H2O复合材料；(4)将制备得到的二次生长的石墨烯/FeP...",中国专利,,CNKI
Patent,1,王生钊;张刚;王军;张金超;孟萌;王英英;姜玮;柏参天,一种铜锌锡硫掺杂石墨烯锂离子电池负极材料的制备方法,473000 河南省南阳市仲景北路20号,2016-04-20,CN105514433A,发明专利,"本发明公开了一种铜锌锡硫掺杂石墨烯锂离子电池负极材料的制备方法,以价格低廉的水合乙酸铜、乙酸锌、二水合氯化亚锡、硫化钠和石墨烯作为基础原料,生产成本低,各原料容易获得,并且纯正度有保障,同时,生产过程中各反应物的质量比或者摩尔比容易控制,可操作性强,更利于实际生产。石墨烯极大地提高了电极的电化学活性,与铜锌锡硫基材协同配合,相互作用,避免其作为负极材料,在锂离子插入和脱出前后发生较大的体积膨胀和收缩,有效地保障了电极电化学活性的长期安全、稳定、可靠,进而有效提高锂离子电池的导电、容量、充放电、使用寿命等各方面的性能。",中国专利,,CNKI
Patent,1,郑鹏;刘婷;郭守武,石墨烯包覆的二氧化钛纳米管的制备方法,710021 陕西省西安市未央区大学园区陕西科技大学,2016-04-20,CN105514436A,发明专利,"石墨烯包覆的二氧化钛纳米管的制备方法,取二氧化钛纳米颗粒和氢氧化钠放入水热釜中进行水热反应,然后低温烘干,获得二氧化钛纳米管；取二氧化钛纳米管和APTMS放入烧杯中回流,然后低温烘干,获得带氨基修饰的二氧化钛管；取带氨基修饰的二氧化钛管和氧化石墨烯溶液充分搅拌,过滤后,进行低温烘干,获得带氨基的氧化石墨烯包覆二氧化钛纳米管；将上述带氨基的氧化石墨烯包覆二氧化钛纳米管,在惰性气氛下进行煅烧处理,获得石墨烯包覆的二氧化钛纳米管,本发明通过官能团嫁接的过程,把石墨烯包覆到二氧化钛纳米管的表面,使得二氧化钛纳米管实现高倍率快速充放电,并且提高比容量和倍率性能,具有操作简单、可重复性高、成本低廉的特点。",中国专利,,CNKI
Patent,1,杨云胜;杨星;郭颢;蒋伟良,一种包含石墨烯的二次电池,212300 江苏省镇江市丹阳市西环路58号,2016-04-20,CN105514437A,发明专利,"一种包含石墨烯的二次电池,由电解液(1)、隔离层(2)、正极板(3)、负极板(4)与电池外壳(5)组成,所述的正极板(3)与负极板(4)被制成薄板或箔状；其特征在于：所述的负极板(4)由石墨烯材料制成薄板或箔状,把正极板(3)、负极板(4)及介于其间的隔离层(2)按顺序层叠或者螺旋状缠绕而形成电芯,再把电芯装入电池外壳(5)中,注入电解液(1),密封制成电池。本发明,通过石墨烯材料制成负极板,大大提高了二次电池的电池寿命,充电速度快,电池循环性能好,容量更加大更加安全。",中国专利,,CNKI
Patent,1,詹天荣;张御妹;芦思思,氮掺杂石墨烯/镍铁类水滑石双功能氧催化剂及其制备方法和应用,266000 山东省青岛市市北区郑州路53号青岛科技大学,2016-04-20,CN105514450A,发明专利,"本发明涉及一种氮掺杂石墨烯/镍铁类水滑石的非贵金属双功能氧催化剂及其制备方法和在碱性介质中对析氧反应和氧还原反应的电催化应用。该催化剂以胶束为模板,水热条件下将镍铁类水滑石组装到氧化石墨烯上形成球状多孔的复合物,再在水热条件下,将氧化石墨烯还原的同时掺杂碳化氮纳米片,得到氮掺杂石墨烯/镍铁类水滑石氧催化剂。该方法包括：先将氧化石墨烯和金属盐分散到胶束中,碱性条件下水热合成氧化石墨烯/类水滑石复合物,产物在水热条件下掺杂碳化氮纳米片,得到本发明所述氧催化剂。所述氧催化剂在碱性条件下对析氧和氧还原兼具催化活性,稳定性和甲醇耐受性高,所用原料成本低、制备方法简单,便于大规模生产。",中国专利,,CNKI
Patent,1,杨云胜;杨星;郭颢;蒋伟良,一种包含石墨烯的一次电池,212300 江苏省镇江市丹阳市西环路58号,2016-04-20,CN105514455A,发明专利,"一种包含石墨烯的一次电池,由正极(1)、负极(2),电解液(3),绝缘纸筒(4)、金属外皮(5)、沥青(6)和去极化挤(7)组成；所述的金属外皮(5)内设有绝缘纸筒(4),绝缘纸筒(4)内设有负极(2),负极(2)材料为锌片电解质；其特征在于：所述的正极(1)为石墨烯棒,由石墨烯材料制成棒状,插在金属外皮(5)中间作为一次电池的正极(1),石墨烯棒顶端加一铜帽(8),石墨烯棒周围填满去极化挤(7),去极化挤(7)与负极(2)之间设置有电解液(3),后通过沥青(6)封装制成电池。本发明,通过石墨烯材料制成棒状作为一次电池中的正极,大大提高了一次电池的电池寿命,质量较轻,稳定性较好。",中国专利,,CNKI
Patent,1,余忠林,一种石墨烯太阳能充电器结构装置,江西省上饶市婺源县蚺城街道花园域城南路37附3号,2016-04-13,CN205160183U,实用新型,"本实用新型公开了一种石墨烯太阳能充电器结构装置,包括外壳、石墨烯太阳能电板、线圈转盘、蓄电池、储物槽、控制电板、外设接口、卡槽、显示屏、开关和电流转换器,所述线圈转盘安装在外壳的顶部,所述蓄电池安装在外壳的内部,所述卡槽设置在外壳的上表面,所述控制电板安装在外壳的底部,所述外设接口、显示屏和开关均安装在外壳的前面,且外设接口设置有两个,所述电流转换器安装在蓄电池的下方,且电流转换器与石墨烯太阳能电池板通过可伸缩式连接线电性连接,所述储物槽设置在外壳的右侧。本实用新型机构科学合理,使用方便,新型的石墨烯太阳能电池板可以高效快捷的完成充电工作。",中国专利,,CNKI
Patent,1,胡三明;沈一竹,一种基于石墨烯的芯片测试插槽,210028 江苏省南京市鼓楼区安怀新村22栋402室,2016-04-20,CN205176063U,实用新型,"本实用新型涉及一种基于石墨烯卷的芯片测试插槽,包括一个基于石墨烯卷的导电弹簧,包括一个金属插槽,还包括一个介质板。本实用新型针对高速高频芯片的测试需求,提供了一种可用于测试高速高频芯片的测试插槽。",中国专利,,CNKI
Patent,1,荣常如;陈书礼;韩金磊;张克金;安宇鹏;魏晓川,一种石墨烯极片及其制备方法,130011 吉林省长春市西新经济技术开发区东风大街2259号,2016-04-13,CN105489392A,发明专利,"本发明公开了一种石墨烯极片及其制备方法,包括集流体层、石墨烯导电层、多孔石墨烯层,集流体层的表面为石墨烯导电层,石墨烯导电层表面为多孔石墨烯层；多孔石墨烯层由多孔石墨烯颗粒通过碳基纤维和粘结剂聚集成片状膜,片状膜经过辊压,得到大块相连的薄片,薄片经过辊压,得到多孔石墨烯层。本发明的石墨烯极片,制备工艺简单,易于实现,可以应用多种化学或物理电源体系。",中国专利,,CNKI
Patent,1,郝奕舟;陈剑豪;王天戌,基于电磁场强化的等离子体化学气相沉积的石墨烯纳米墙制作方法,510623 广东省广州市天河区华夏路30号富力盈通大厦18楼,2016-04-13,CN105489394A,发明专利,"本发明涉及一种基于电磁场强化的等离子体化学气相沉积的石墨烯纳米墙及其制备方法,所述石墨烯纳米墙包括衬底、石墨烯墙阵列及多个石墨烯分叉,所述石墨烯墙阵列垂直长在所述衬底上,多个所述石墨烯分叉长在所述石墨烯片一侧或两侧。本发明的方法石墨烯墙生长速度和传统技术相比有数倍提高,不存在石墨烯层之间的团聚和堆叠,有利于后续制备超级电容器,锂离子电容器时纳米颗粒的吸附,进而有利于提高纳米颗粒在石墨烯片中的分散,同时以高表面积的石墨烯墙和石墨烯分叉作为介质和模版进行纳米颗粒的生长,可以有效避免了纳米颗粒在热处理以及后续使用过程中的团聚且可以极大的提高用该发明的石墨烯纳米墙制备得到的超级电容器的比电容和导电率。",中国专利,,CNKI
Patent,1,邹俭鹏;易琛琦;杨洪志;冷娴,一种化学改性碳材料/石墨烯/RuO2三元复合材料的制备方法及应用,410083 湖南省长沙市岳麓区麓山南路932号,2016-04-13,CN105489397A,发明专利,"本发明公开了一种化学改性碳材料/石墨烯/RuO2三元复合材料的制备方法及应用,将含化学改性碳材料和氧化石墨的分散液与氯化钌溶液混合后,置于高压反应釜中,进行水热反应,水热反应所得固体产物,经洗涤、干燥后,进行退火处理,即得；制得的三元复合材料具有电化学活性高,且稳定性、导电性和循环性好的特点,将其用于制备电容器电极,能提升电容器的电容量,提高功率密度和倍率性能。",中国专利,,CNKI
Patent,1,蔺华林;喻宁波;韩生;陈言伟;刘金宝;黄奇;何抗抗;余伟萍;兰国贤;冯晨萁;付宁;任济夫;卢德力,一种Fe2O3/石墨烯复合材料的制备方法,200235 上海市徐汇区漕宝路120-121号,2016-04-13,CN105489398A,发明专利,"本发明属于超级电容器纳米复合材料技术领域,具体为一种Fe2O3/石墨烯复合材料的制备方法。本发明方法具体步骤如下：(1)制备氧化石墨烯胶体溶液；(2)将氧化石墨烯胶体溶液和氢氧化铁胶体或者饱和氯化铁溶液混合、超声；(3)将超声后混合溶液于水热釜反应,结束后,自然冷却,洗涤、烘干得到Fe2O3/石墨烯复合材料。本发明方法简便易行,整个过程环境友好,不仅能有效控制Fe2O3粒径的大小,得到了不同粒径的Fe2O3晶体,而且Fe...",中国专利,,CNKI
Patent,1,章明美;李远;王谊;谢吉民;闫早学;潘登辉;郑杰,一种Co3O4/氮掺杂石墨烯复合电极材料的制备方法,212013 江苏省镇江市京口区学府路301号,2016-04-13,CN105489399A,发明专利,"本发明提供了一种Co3O4/氮掺杂石墨烯复合电极材料的制备方法,包括如下步骤：步骤1、制备氮掺杂石墨烯；步骤2、配置可溶性碱的水溶液；步骤3、将聚丙烯酰胺(PAM)、七水合硫酸钴、步骤1制备的氮掺杂石墨烯超声分散在去离子水中,得到混合液A；步骤4、将步骤2制备的可溶性碱的水溶液滴加到所述混合液A中进行反应,并调节pH＝8.5～10,得到混合液B；步骤5、将混合液B转移至微波反应器中进行加热反应,待反应结束后,将产物抽滤、洗涤、烘干,最终得到Co3O4/氮掺杂石墨烯复合电极材料。本发明所制备的复合材料结构稳定...",中国专利,,CNKI
Patent,1,胡明杰;韩如冰;高翔;唐庆山;王斌;王春见,一种基于石墨烯的锂离子电池负极及其制备方法,311100 浙江省杭州市余杭区余杭街道科技大道8-2号6幢北5层,2016-04-13,CN105489838A,发明专利,"本发明是一种基于石墨烯的锂离子电池负极及其制备工艺,本工艺通过制备石墨掺杂石墨烯为活性物质的负极浆料,在铜箔上涂覆制备得到锂离子电池负极。该工艺采用了一种新型聚苯乙烯-聚异戊二烯-聚苯乙烯嵌段聚合物粘结剂,对石墨烯有极高粘结力,并可提供高弹性,提高基于石墨烯的锂离子电池负极性能,得到的高能量密度型负极在0.2C充放电时具备410#mAh/g能量密度,功率型负极在5C充放电时具备310#mAh/g能量密度。该工艺原料经济易得,工艺简单、环保。",中国专利,,CNKI
Patent,1,廖永红;宋瑞;杨铭;叶宝忠,一种喷墨打印制备石墨烯导电薄膜的方法,528251 广东省佛山市南海区桂城街道桂平中路65号鸿晖都市产业新城2栋915,2016-04-20,CN105513676A,发明专利,"本发明公开了一种喷墨打印制备石墨烯导电薄膜的方法,本发明利用喷墨打印技术的打印高精度特点,简单方便地逐点控制膜层的图形和成份,使图形精度较高,边界清晰,分布均匀,无需镀膜和刻蚀等复杂工艺；能够在多种柔性基材上制备出图案复杂的薄膜；周期短,成本低,工艺简单。",中国专利,,CNKI
Patent,1,王勇;孙炜伟;余志强;苏芸;杨秦斯;蔡昌,石墨烯负载Mn3O4纳米空心球复合材料及其制备方法,200444 上海市宝山区上大路99号,2016-04-13,CN105489865A,发明专利,"本发明涉及一种石墨烯负载Mn3O4纳米空心球复合材料及其制备方法,该复合材料是在Mn3O4纳米空心球的表面负载有石墨烯,粒径大小不规则,约为：0.2～2μm；其中Mn3O4纳米空心球的孔径为：100～200nm；石墨烯和Mn3O4纳米空心球的质量比为：0.1～10。本发明的石墨烯负载Mn3O4纳米空心球复合材料GNS-Mn3O4不仅具...",中国专利,,CNKI
Patent,1,郭守武;冯硕;沈文卓;吴海霞,化学还原氧化石墨烯/镁改善镍钴锰酸锂电化学性能的方法,200240 上海市闵行区东川路800号,2016-04-13,CN105489884A,发明专利,"一种化学还原氧化石墨烯/镁改善镍钴锰酸锂电化学性能的方法,通过将含氧化石墨烯和可溶性镁盐混合溶解于水中形成处理液,然后加入镍钴锰酸锂粉末,利用镁离子与氧化石墨烯上官能团的结合,经一次分散操作实现在镍钴锰酸锂粉末的表面形成镁离子和化学还原氧化石墨烯的导电复合层。本发明反应条件温和,操作过程和工艺简单,复合层生成过程中无需添加有机溶剂、表面活性剂、还原剂和氧化剂,生产成本低。导电复合层的生成,可明显的提高镍钴锰酸锂的倍率充放电性能。",中国专利,,CNKI
Patent,1,翟庆国;张凯雯;梁彬麒,利用石墨烯加热膜对空气进行加热处理的装置,213000 江苏省常州市武进经济开发区兰香路8号,2016-04-20,CN205174806U,实用新型,"本实用新型涉及一种辅热器,尤其是利用石墨烯加热膜对空气进行加热处理的装置。该辅热器包括壳体、进风口、风叶和蓝牙控制模块,壳体上设有进风口和风叶,壳体内设有蓝牙控制模块,壳体内还设有石墨烯电辅热体,石墨烯电辅热体由石墨烯电热膜与铝合金框架组成,石墨烯电热膜为卷曲状,该电辅热器能够提高空调的加热效率,降低能耗,且不受腐蚀,可以提高空调寿命,制作简单,节约了成本。",中国专利,,CNKI
Patent,1,赵雪伶;朱志刚,一种尖晶型铁磁/石墨烯纳米复合材料、制备方法及其应用,201209 上海市浦东新区金海路2360号,2016-04-20,CN105513740A,发明专利,"本发明属于纳米功能材料技术领域,具体为一种尖晶型铁磁/石墨烯纳米复合材料、制备方法及其应用。本发明中先采用改进的Hummers方法制备氧化石墨烯,然后再采用一步原位法合成尖晶型铁磁/石墨烯纳米复合材料。本发明的有益效果在于：其制备方法所需的原材料成本低廉,制备工艺简单,可大批量制备,适于规模化生产和应用。本发明得到的复合材料有较好的模拟过氧化物酶活性,可用于小分子过氧化氢(H2O2)、葡萄糖等的检测。",中国专利,,CNKI
Patent,1,詹炳辉,一种石墨烯复合电缆,518033 广东省深圳市福田区福田街道滨河大道5003号爱地大厦西座19楼ABC房,2016-04-13,CN205158941U,实用新型,"一种石墨烯复合电缆,包括导体,所述导体外同心包覆有导体屏蔽层,所述导体屏蔽层外部设置有若干层石墨烯层,石墨烯层外部设有绝缘层；所述绝缘层外设置有防腐层,在最外层设有非金属外护套层。本实用新型的有益效果是采用石墨烯层,能够避免金属丝编织存在屏蔽间隙,提高屏蔽效果,同时也提高了电缆在编织前的防护强度,防止屏蔽金属丝因断丝而扎入缆芯影响电缆的绝缘性能。",中国专利,,CNKI
Patent,1,王干;叶春逢;王子韩,一种石墨烯电极陶瓷金卤灯,233600 安徽省亳州市涡阳县城关镇涡河东路115-136号,2016-04-13,CN105489469A,发明专利,"一种石墨烯电极陶瓷金卤灯,包括：钨电极杆,钍钨电极丝,石墨烯薄膜层,陶瓷电弧管,发光药丸,氧化钡电子发射剂,灯泡壳,灯芯柱和灯头。钨电极杆的一端灯芯柱电极相连接,另一端缠绕一段钍钨电极丝,钍钨电极丝之间镶嵌氧化钡电子发射剂,钍钨电极丝和氧化钡电子发射剂外面附着石墨烯薄膜层,陶瓷电弧管两端均插钎具有石墨烯包膜层的钍钨电极丝并进行真空密封,陶瓷电弧管两端的钨电极杆分别于灯芯柱的电极点焊连接,把灯芯柱和安装电极的陶瓷电弧管封装在灯泡壳内,并对灯泡壳进行抽真空密封后在灯芯柱处焊接灯头,构成整个石墨烯电极陶瓷金卤灯。",中国专利,,CNKI
Patent,1,白德旭,一种石墨烯太阳能电池及其制备方法,610199 四川省成都市龙泉驿区龙泉酱园街36号1栋3单元2楼1号,2016-04-20,CN105513812A,发明专利,"本发明涉及一种石墨烯太阳能电池,所述石墨烯太阳能电池的光阳极包括第一电极层(302)、纳米晶膜以及设置在纳米晶膜表面的染料层(301),其特征在于,所述纳米晶膜是由石墨烯层(102)包覆的半导体纳米线芯(101)组成的复合薄膜,所述纳米线芯(101)水平设置在预置有(002)织构的所述第一电极层(302)表面,通过沉积掩模(500)在所述纳米线芯(101)外层沉积形成所述石墨烯层(102)。本发明的石墨烯太阳电池中石墨烯是与太阳光线入射方向平行的方向设置在电极层上,从而减少了石墨烯层对太阳光线的吸收,增加了染料敏化剂中激活电子的数量和电子的传导效率,从而增加的太阳能电池的光效率。",中国专利,,CNKI
Patent,1,王斌;刘连梅;苑ﾫh;袁璐,一种石墨烯-聚苯胺超级电容器电极材料的制备方法,242300 安徽省宣城市宁国市港口生态工业园区经三路南侧,2016-04-20,CN105513818A,发明专利,"本发明公开了一种石墨烯-聚苯胺超级电容器电极材料的制备方法,涉及石墨烯技术领域,本发明制备石墨烯/聚苯胺复合物的方法有两种：第一种是在氧化石墨烯溶液中,原位聚合法制备氧化石墨烯/聚苯胺复合物；利用L-酪氨酸作为还原剂,制备石墨烯/聚苯胺复合物；第二种是利用L-酪氨酸还原制备的石墨烯溶液中,原位聚合法制备石墨烯/聚苯胺复合物。其次,分别将二种步骤制备的石墨烯/聚苯胺复合物涂布到集流体上,烘干、压膜成片,组建超级电容器。本发明采用L-酪氨酸作为还原剂,原位聚合所制备的石墨烯-聚苯胺复合材料,既具备较大的比表面积、耐高温、耐腐蚀和高强度,又具有良好的导电性能,可应用于防腐材料、导热材料、锂离子电池、...",中国专利,,CNKI
Patent,1,王小慧;徐曼曼;孙润仓;黄权波,一种石墨烯/多孔碳复合水凝胶、气凝胶及其制备方法和应用,510640 广东省广州市天河区五山路381号,2016-04-20,CN105513832A,发明专利,"本发明属于材料科学领域,公开了一种石墨烯/多孔碳复合水凝胶、气凝胶及其制备方法和应用,包括如下步骤：(1)制备氧化石墨烯水分散液；(2)将多孔碳材料进行研磨,加入到氧化石墨烯水分散液中,超声分散；(3)将氧化石墨烯和多孔碳材料的混合分散液进行还原、浸泡洗涤,得到石墨烯/多孔碳复合水凝胶。发明通过氧化石墨烯在还原的过程中自组装,制备石墨烯/多孔碳复合材料,本发明所制备的石墨烯/多孔碳复合材料性能优异,应用广泛,实现了石墨烯和多孔碳材料的有效结合,能够用作超级电容器的电极,内阻小,容量大,稳定性好。",中国专利,,CNKI
Patent,1,袁国辉;刘荣;马丽娜;杨少强;张芳平;张法宁;黎恩源,一种细菌纤维素石墨烯纸负载四氧化三钴柔性电极材料的制备方法及其应用,150001 黑龙江省哈尔滨市南岗区西大直街92号,2016-04-20,CN105513834A,发明专利,"一种细菌纤维素石墨烯纸负载四氧化三钴柔性电极的制备方法及其应用,本发明涉及一种柔性电极材料的制备方法及其应用,本发明是要解决现有方法制备的导电膜材料比电容量低以及倍率性能和力学性能差的问题,方法为：制备细菌纤维素浆料；制备细菌纤维素石墨烯纸,制备含有钴盐的反应液,将细菌纤维素石墨烯纸浸泡在含有钴盐的反应液中,制成细菌纤维素石墨烯纸负载四氧化三钴柔性电极,应用于超级电容器。本发明活性材料比电容高、柔性电极力学性能优良,制备成超级电容器具有很好的电容性。本发明属于纳米材料技术领域。",中国专利,,CNKI
Patent,1,黄玉东;马丽娜;刘荣;王芳;王彩凤;姜波;杨少强,一种氢氧化镍/石墨烯柔性电极材料的制备方法及其应用,150001 黑龙江省哈尔滨市南岗区西大直街92号,2016-04-20,CN105513835A,发明专利,"一种氢氧化镍/石墨烯柔性电极材料的制备方法及其应用,本发明涉及一种柔性电极材料的制备方法及其应用,本发明的目的是制备一种高比电容量,低成本,具有良好力学性能的柔性电极材料。方法为：制备细菌纤维素浆料；制备氢氧化镍/石墨烯复合材料,将细菌纤维素浆料真空抽滤成膜,然后加入氢氧化镍/石墨烯复合材料分散液继续抽滤干燥,制成氢氧化镍/石墨烯柔性电极材料,应用于超级电容器。本发明电极活性材料比电容量高,比电容量可达到932F/g；原材料价格低廉、环境友好,柔性电极力学性能优良,制备成超级电容器具有很好的电容性。本发明属于纳米材料技术领域。",中国专利,,CNKI
Patent,1,方海涛;李霏;王亚杰;洪达,通过电泳沉积石墨烯实现锂离子电池阴极表面改性的方法,150001 黑龙江省哈尔滨市西大直街92号,2016-04-20,CN105514344A,发明专利,"本发明提供一种通过电泳沉积石墨烯实现锂离子电池阴极表面改性的方法,所述的改性方法是将石墨烯稳定分散液加入电泳池中,以涂覆好的锂离子电池阴极作为电泳负极,惰性金属片作为电泳正极,电极保持一定的间距,在适当的沉积电压和沉积时间下将石墨烯沉积在锂离子电池阴极表面,即得到石墨烯表面改性的锂离子电池阴极。本发明能够有效提高电极的初始比容量并改善循环性能。该方法工艺过程简单,生产成本低。",中国专利,,CNKI
Patent,1,余忠林,一种石墨烯柔性超导电池结构装置,江西省上饶市婺源县蚺城街道花园域城南路37附3号,2016-04-13,CN205159425U,实用新型,"本实用新型公开了一种石墨烯柔性超导电池结构装置,包括超导电池保护装置、电池内壳体、电池外壳体、分离装置和负极接线柱,所述电池外壳体的上方的左边角处设置有电池正极接线柱,且电池外壳体的上方的右边角处设置有电池负极接线柱,所述电池内壳体安装在电池外壳体的底部,所述电池内壳体的内部设置有锂的石墨烯正极和负极,所述正极接线柱安装在电池内壳体的顶部的左侧,所述负极接线柱安装在电池内壳体的顶部的右侧,所述超导电池保护装置安装在电池内壳体的上方。该石墨烯柔性超导电池结构装置使电池的充电速率增强,容电量增加；同时电池装置的质量更轻薄,方便电池装置的携带与使用。",中国专利,,CNKI
Patent,1,任慢慢;杨铭志;刘伟良;李刚;李凡燕;徐虹,一种氮掺杂石墨烯复合LiFePO4锂离子电池正极材料的制备方法,250353 山东省济南市长清区大学路3501号齐鲁工业大学材料科学与工程学院,2016-04-20,CN105514366A,发明专利,"本发明公开了一种氮掺杂石墨烯复合LiFePO4锂离子电池正极材料的制备方法。即：首先将氧化石墨分散在去离子水中,待分散均匀后将氮源加入其中搅拌1~10h,得到均一稳定的分散液；其次将铁源、磷酸根源、锂源分散在去离子水中,搅拌均匀,得到分散液；将上述步骤得到的分散液混合,搅拌10~48h,而后在冷冻干燥的条件下进行干燥,得到固体混合物；将固体混合物在200～500℃下惰性气体保护气氛中预分解2～10h得到反应前驱体；将反应前驱体在500～800℃下惰性气体保护气氛中焙烧1～24h,得到氮掺杂石墨烯复合LiFePO4锂离子电池正极材料。本方法具有流程短、...",中国专利,,CNKI
Patent,1,常ﾟj;汤宏伟;谢峥峥;李苞;上官恩波;常照荣,一种纳米磷酸锰锂/石墨烯复合材料的制备方法,453007 河南省新乡市牧野区建设东路46号,2016-04-20,CN105514376A,发明专利,"本发明公开了一种纳米磷酸锰锂/石墨烯复合材料的制备方法,具体步骤为：以乙二醇和去离子水作为反应介质,首先在乙二醇中加入葡萄糖于130-150℃保温1-5h在线生成乙二醇葡萄糖苷类表面活性剂作为晶粒生成抑制剂,将氧化石墨烯分散到上述表面活性剂中,以氢氧化锂、可溶性锰盐和磷酸为原料,以去离子水为溶剂,通过调控使用乙二醇和水的体积比为3.5:1-1:1.5使得反应溶液的沸点控制在130-150℃,回流反应6-24h制得纳米磷酸锰锂/石墨烯复合材料。本发明合成的纳米磷酸锰锂/石墨烯复合材料有利于缩短锂离子在固相的传递距离,复合的石墨烯具有良好的导电性,从而大大增强了颗粒内部锂离子的扩散速率和颗粒间的电...",中国专利,,CNKI
Patent,1,江永斌,球状纳米硅石墨烯复合制备锂电池负极材料及制备方法,318000 浙江省台州市椒江区东环大道888号4幢一楼,2016-04-20,CN105514379A,发明专利,"本发明属于锂电池技术领域,涉及球状纳米硅石墨烯复合制备锂电池负极材料及制备方法,球状纳米硅石墨烯复合制备锂电池负极材料,以重量百分比为3—35％的气相法制备的球状高纯的纳米级金属或球状高纯的纳米级金属合金与65—97％的石墨烯平直片、0.1—15％的导电高分子聚合物、0.1—15％的水溶性粘连剂通过搅拌乳化得到叠层多维间隙复合的锂电池负极材料,制备方法是将称量的气相法制备的纳米级金属或纳米级金属合金与石墨烯平直片掺入导电高分子聚合物先通过高速乳化机乳化后,再移入分散机内并添加水溶性粘连剂后通过分散机分散后复合成锂电池负极材料,优点是：用其制成的锂电池负极的间隙能大,循环寿命达2000次以上,适...",中国专利,,CNKI
Patent,1,王晓伟,一种改性石墨烯包覆的锰酸锂电正极材料及其制备方法,266000 山东省青岛市市北区山东路138号,2016-04-20,CN105514383A,发明专利,"本发明涉及一种改性石墨烯包覆的锰酸锂电正极材料及其制备方法。本改性石墨烯包覆的锰酸锂电正极材料按重量份计,由以下组分按照所示比例制备而成,氧化石墨烯50、锰酸锂40、45％的硝酸铁锂溶液28、鳞片石墨5、粘结材料5。本发明克服了锂离子电池因为保护板自放电而造成失效的缺陷,从而改善整个电池组的自放电,实现延长锂电池存放时间的目的,保证用户使用完用电器而不充电的情况下可以储存较长的时间。",中国专利,,CNKI
Patent,1,王晓伟,一种改性石墨烯包覆的锰酸锂电正极材料及其制备方法,266000 山东省青岛市市北区山东路138号,2016-04-20,CN105514384A,发明专利,"本发明涉及一种改性石墨烯包覆的锰酸锂电正极材料及其制备方法。本改性石墨烯包覆的锰酸锂电正极材料按重量份计,由以下组分按照所示比例制备而成,氧化石墨烯60、锰酸锂30、45％的硝酸铁锂溶液18、鳞片石墨1、粘结材料1。本发明克服了锂离子电池因为保护板自放电而造成失效的缺陷,从而改善整个电池组的自放电,实现延长锂电池存放时间的目的,保证用户使用完用电器而不充电的情况下可以储存较长的时间。",中国专利,,CNKI
Patent,1,姜殿凯,一种改性石墨烯包覆的锰酸锂电正极材料及其制备方法,266000 山东省青岛市市北区山东路138号,2016-04-20,CN105514387A,发明专利,"本发明涉及一种改性石墨烯包覆的锰酸锂电正极材料及其制备方法。本改性石墨烯包覆的锰酸锂电正极材料按重量份计,由以下组分按照所示比例制备而成,氧化石墨烯30、锰酸锂60、45％的硝酸铁锂溶液25、鳞片石墨3、粘结材料3。本发明克服了锂离子电池因为保护板自放电而造成失效的缺陷,从而改善整个电池组的自放电,实现延长锂电池存放时间的目的,保证用户使用完用电器而不充电的情况下可以储存较长的时间。",中国专利,,CNKI
Patent,1,车春玲,一种三维多孔石墨烯微球复合材料的制备方法,250000 山东省济南市高新区世纪大道15612号1号楼1-1603,2016-04-20,CN105514389A,发明专利,"本发明公开了一种三维多孔石墨烯微球复合材料的制备方法,制备方法包括(1)将石墨烯或氧化石墨烯与水、粘结剂混合,配制成溶液,然后进行静电喷雾,湿法收集,得到石墨烯或氧化石墨烯微球；(2)将石墨烯微球加入到PVA水溶液中,搅拌分散,滴加交联剂,形成PVA凝胶；(3)将PVA凝胶冷冻干燥,制得含有石墨烯微球的PVA海绵；(4)进行热处理,得到三维多孔石墨烯微球复合材料。通过该方法制备的三维多孔石墨烯微球复合材料具有结构稳定、具有丰富的分级孔结构、堆密度大等特点,由该石墨烯微球复合材料制备的钠离子电池具有容量高、导电性能好、循环性能优异和填充密度大等优点。",中国专利,,CNKI
Patent,1,杨蓉;王黎晴;吕梦妮;付欣;许云华,微波液相法制备掺杂石墨烯锂硫电池正极材料的方法,710048 陕西省西安市金花南路5号,2016-04-20,CN105514395A,发明专利,"本发明公开了一种微波液相法制备掺杂石墨烯锂硫电池正极材料的方法,步骤包括：1)利用Hummers法制备氧化石墨；2)将氧化石墨在分散剂中超声分散；3)将碳酸氢氨加入氧化石墨分散液中超声分散；然后密封于微波反应釜中微波加热,得到氮掺杂石墨烯溶液；4)将硫化钠超声分散在氮掺杂石墨烯溶液中；再密封于微波反应釜中微波加热,得到氮硫共掺杂石墨烯溶液；冷却至室温后,洗涤,离心,冷冻干燥,得到蓬松的氮硫共掺杂石墨烯粉末；5)将氮硫共掺杂石墨烯粉末与升华硫混合后球磨,将产物进行热处理,得到氮硫共掺杂石墨烯锂硫正极材料。本发明的方法,步骤简单,所得材料的电化性能良好。",中国专利,,CNKI
Patent,1,孔泳;吕欧阳;邓林红;潘艳,石墨烯量子点/壳聚糖干凝胶的制备并应用于荧光成像和药物缓释,213164 江苏省常州市武进区ﾜ韬ﾷ1号,2016-04-13,CN105477647A,发明专利,"本发明涉及一步法合成石墨烯量子点/壳聚糖干凝胶并将其应用于裸鼠体内成像及药物载体,包括以下步骤：制备的石墨烯量子点/壳聚糖干凝胶、制备载药石墨烯量子点/壳聚糖干凝胶有益效果是：制备过程简单、反应温和,制成石墨烯量子点/壳聚糖干凝胶能够进行裸鼠体内成像,并且体外药物缓释性能与以往材料相比有大幅提升。",中国专利,,CNKI
Patent,1,张建刚;张重静;王兰芳,一种氧化石墨烯抗菌防霉医疗绷带的制备方法,315000 浙江省宁波市江东区樟树街708号,2016-04-20,CN105497959A,发明专利,"本发明涉及一种氧化石墨烯抗菌防霉医疗绷带的制备方法,该方法包括：将制备的抗菌防霉剂经喷洒工艺均匀分布在纱布上,即得抗菌防霉医疗绷带。纳米氧化石墨烯、野百合提取物以及纳米金属负载氧化石墨烯的协同作用下,显著地提高了其抗菌防霉除异味的效果,其防霉等级为0级,对金黄色葡萄球菌的抑菌率为99.91％,对大肠杆菌的抑菌率为99.23％,对幽门螺杆菌的抑菌率为99.0％、对白色念球菌的抑菌率98％,为对霉菌的抑菌率为100％。喷涂抗菌防霉的纱布,纳米粒子浸入纱线内,增强纱线内部凝聚力,极大减少毛羽现象的发生,避免患者使用时的二次创伤。",中国专利,,CNKI
Patent,1,杨超;宋国君;杨淑静;李晓茹,一种石墨烯-羟基磷灰石复合材料的合成方法,266071 山东省青岛市宁夏路308号青岛大学,2016-04-20,CN105497986A,发明专利,"本发明涉及无机非金属材料技术领域,具体涉及一种石墨烯-羟基磷灰石复合材料的合成方法,包括三羟甲基氨基甲烷缓冲液的配制、多巴胺溶液的配制、氧化石墨烯的还原和改性、模拟体液的配制和羟基磷灰石的矿化。本发明是在模拟人体体液环境下合成石墨烯-羟基磷灰石复合材料,所得复合材料具有良好稳定性、生物相容性,可用于生物医药领域。",中国专利,,CNKI
Patent,1,梁彬麒;张凯雯;翟庆国,石墨烯恒温耳包,213000 江苏省常州市武进经济开发区兰香路8号,2016-04-20,CN205163383U,实用新型,"本实用新型涉及耳包技术领域,尤其是一种石墨烯恒温耳包。一种石墨烯恒温耳包,包括耳包框,所述耳包框上设有绒线织物覆盖层,所述耳包框内设有锂电池,所述锂电池通过供电线与贴合在耳包框上的石墨烯电热膜连接,所述锂电池上设有充电口,所述石墨烯电热膜上设有温度传感器,所述温度传感器与蓝牙控制器连接。这种石墨烯恒温耳包升温迅速,十几秒即可迅速升温至人体体温；通过蓝牙控制,可以控制任意舒适的温度；石墨烯非常薄,且极轻,基本不增加耳包太多重量；耗电量低,采用可充电锂电池即可供电,供热时间长；具有远红外功能,可促进耳部血液循环,避免冻疮等问题的发生。",中国专利,,CNKI
Patent,1,魏鹏;孟献振;杨育乐,一种双面印制石墨烯线圈的平面振膜,213000 江苏省常州市武进区湖塘镇沟南工业集中区(鸣新中路256号),2016-04-13,CN205160778U,实用新型,"本实用新型公开了一种双面印制石墨烯线圈的平面振膜,属于扬声器技术领域。本实用新型的一种双面印制石墨烯线圈的平面振膜,包括振膜主体和设置在振膜主体上的线圈,所述的振膜主体的两面均通过印刷工艺设置线圈,所述的线圈的材质为石墨烯；所述的振膜主体两面的线圈走向相反。本实用新型利用石墨烯材料优异的导电导热性能,提高了平面振膜的电声转换效率和散热能力；利用石墨烯材料的轻薄且高强度性能,减轻了平面振膜的重量,提高了线圈的强度；利用双面石墨烯线圈提高了平面振膜扬声器的输出功率；利用印刷工艺降低了平面振膜的制作难度和制作成本。",中国专利,,CNKI
Patent,1,魏鹏;孟献振;易鹏飞,一种用于扬声器的石墨烯线圈,213000 江苏省常州市武进区湖塘镇沟南工业集中区(鸣新中路256号),2016-04-13,CN205160780U,实用新型,"本实用新型公开了一种用于扬声器的石墨烯线圈,属于扬声器技术领域。本实用新型的一种用于扬声器的石墨烯线圈,包括线圈主体,所述的线圈主体由石墨烯导线缠绕制成,所述的石墨烯导线包括石墨烯线芯和包裹在石墨烯线芯外侧的绝缘层；所述的石墨烯线芯的内部还设有金属线芯；所述的线圈主体的引线根部设有引线固定部,并在引线固定部处采用UV胶固定引线的根部。本实用新型利用石墨烯导线制作扬声器线圈,利用石墨烯导线优异的导电性和韧性,提高了扬声器线圈的电声转换效率和抗拉性能,减少了扬声器的能耗,降低了扬声器制作的次品率；并且石墨烯导线具有良好的导热性,可以将线圈产生的热量及时散发出去,提高了扬声器的使用寿命。",中国专利,,CNKI
Patent,1,李耀刚;郭洋;王宏志;张青红;侯成义,一种基于石墨烯的耐高温柔性热电器件的制备方法,201620 上海市松江区松江新城人民北路2999号,2016-04-13,CN105489748A,发明专利,"本发明涉及一种基于石墨烯的耐高温柔性热电器件的制备方法,包括：将氧化石墨分散在去离子水中,机械搅拌,水浴超声,探头超声,得到氧化石墨烯凝胶,然后在基底上进行刮涂,干燥,液氮冷冻,冷冻干燥,剥离,得到自支撑的三维氧化石墨烯薄膜,然后裁剪为矩形条,在氨气气氛下退火,制得n型石墨烯导电薄膜材料；矩形条在氢碘酸中还原,制得p型石墨烯导电薄膜材料；将石墨烯导电薄膜材料交替固定在柔性基底上,串联,即得。本方法工艺简单、成本低廉,所制备的热电转换器件既具有有机热电材料优异的柔韧性,又具有无机热电材料耐高温的特点,可应用于曲面等复杂形状的工业机械废热的回收利用。",中国专利,,CNKI
Patent,1,魏兴战;杨俊;钱彦雄;罗伟;汤林龙;冷重钱;陈伟;陆仕荣;史浩飞,基于石墨烯/聚合物电极的柔性钙钛矿太阳能电池及制备,400714 重庆市北碚区方正大道266号,2016-04-13,CN105489767A,发明专利,"本发明涉及一种基于石墨烯/聚合物复合透明电极的柔性钙钛矿太阳能电池及其制备,基于石墨烯/聚合物复合透明电极的柔性钙钛矿太阳能电池包括柔性基底(1)、石墨烯/聚合物复合透明电极(2)、空穴传输层(3)、钙钛矿吸光层(4)、电子传输层(5)和背电极(6),其特征在于采用石墨烯与导电高分子聚合物形成复合透明电极,本发明不仅具有良好的透光率、导电性、柔性及稳定性；而且具有生产成本低、光电转化效率高,易于柔性集成、适合太阳能电池大规模工业生产的应用。",中国专利,,CNKI
Patent,1,胡三明;沈一竹,一种基于石墨烯电扫描反射阵的太赫兹探测器,210028 江苏省南京市安怀新村22栋402室,2016-04-20,CN205179187U,实用新型,"本实用新型涉及一种基于石墨烯电扫描反射阵的太赫兹探测器,包括一个CMOS芯片,还包括基于一个石墨烯的极化滤波器,以及一个凹形封装盒。本实用新型针对太赫兹成像的发展需求,提供了一种成像快、体积小、成本低的太赫兹反射阵的探测器。",中国专利,,CNKI
Patent,1,白树林;方浩明;张亚飞,一种石墨烯复合材料/氮化硅/硅芯片高效散热系统,100871 北京市海淀区颐和园路5号北京大学王克贞楼807,2016-04-20,CN105514059A,发明专利,"本发明提供一种基于石墨烯复合材料/氮化硅/硅芯片多层结构的散热系统及构建方法,属于微电子器件的散热技术。该散热架构包括硅基发热器件,Si3N4绝缘层,石墨烯复合材料热沉和基板。其中通过化学气相沉积法在硅片背面沉积一层致密的Si3N4绝缘层,通过化学键将石墨烯复合材料与Si3N4绝缘层互连,最后将上述带有散热架构的硅片与基板相连并封装成器件。本发明利用了化学键将硅基发热器件,热界面材料,热沉互连,极大减少各器件层间距,避免层间微空隙所引起的热阻,促进声子传热,进而提...",中国专利,,CNKI
Patent,1,刘丽蓉,一种导热胶/石墨烯复合多层散热膜及其制备方法,523000 广东省东莞市东城区主山东城中路南81号辉煌商务大厦6楼C10,2016-04-20,CN105514065A,发明专利,"本发明公开了一种导热胶/石墨烯复合多层散热膜及其制备方法,该散热膜主要由离型纸层、至少一层双面导热胶层和至少一层石墨烯层构成三明治结构,其底层为离型纸层,表层为石墨烯层；该方法为先制备两侧带离型纸的双面导热胶层,然后用电化学还原法制备石墨烯薄膜,最后采用所述双面导热胶层将所述石墨烯薄膜从电极上剥离即可。本发明的散热膜,具有制备工艺简单、散热效率高、使用方便等优点。",中国专利,,CNKI
Patent,1,吕鹏;张梓晗;张运奇;吴义良,一种石墨烯复合红外辐射导热膜及其制作方法,230088 安徽省合肥市高新区黄山路602号A105,2016-04-20,CN105514066A,发明专利,"本发明公开了一种石墨烯复合红外辐射导热膜及其制作方法,其特征在于：是在基底上设置有石墨烯复合红外辐射涂层。本发明利用石墨烯复合红外辐射材料良好的红外辐射能力和热传导能力,制得的薄膜在平行和垂直于基底的方向上均具有良好的热传导能力,使得热量得以迅速的从发热部位传递至散热器件或环境中,提高了热传导效率,消除设备内局部热点,降低热传导路径上的温度梯度。本发明制作简易方便,对电子器件的高度集成化和制热设备的快速热传导提供了有力支撑。",中国专利,,CNKI
Patent,1,余忠林,一种石墨烯电极柔性显示屏驱动电路,江西省上饶市婺源县蚺城街道花园域城南路37附3号,2016-04-13,CN205158880U,实用新型,"本实用新型公开了一种石墨烯电极柔性显示屏驱动电路,电源输入端通过第一电阻连接至第一运放的正向输入端,第一运放的反向输入端通过第二电阻接地,第一运放的反向输入端通过第三电阻连接至第一运放的输出端,第一运放的输出端通过串联的第四电阻和第一电感连接至电源输出端,第一电感的两端并联有第一电容,第一电感和电源输出端之间通过第二电容接地,第一运放的输出端通过第四电阻连接至第二运放的反向输入端,第一运放的正向输入端通过串联的第三电容和第二电感接地,第二运放的输出端通过第六电阻连接至第三电容和第二电感之间。本实用新型能够改进现有技术的不足,实现了驱动电路电压的自适应调节。",中国专利,,CNKI
Patent,1,王林;刘昌龙;唐伟伟;陈效双;陆卫,一种石墨烯室温太赫兹波探测器及制备方法,200083 上海市虹口区玉田路500号,2016-04-20,CN105514128A,发明专利,"本发明公开一种石墨烯室温太赫兹波探测器,所述探测器件包括蓝宝石衬底和其上蒸镀对数周期天线结构以及引线电极,且太赫兹波耦合对数周期天线两边分别与对应的引线电极相连,在对数周期天线间距中转移具有载流子浓度可调和高迁移率的石墨烯导电沟道,保证石墨烯与两边对数周期天线互连。本发明的优点在于：器件的太赫兹响应高,可实现宽频、高速、高灵敏度、高信噪的太赫兹波探测；器件的集成度和小型化好,为实现太赫兹探测器大规模应用奠定基础。",中国专利,,CNKI
Patent,1,杨俊;罗伟;魏大鹏;魏兴战;史浩飞;杜春雷,一种具有压力感应的石墨烯电容式触摸屏,400714 重庆市北碚区方正大道266号,2016-04-20,CN105511702A,发明专利,"一种具有压力感应的石墨烯电容式触摸屏,其结构包括盖板层、OCA光学胶层a、上层石墨烯透明导电薄膜层、下层石墨烯透明导电薄膜层、压力敏感性聚合物弹性体、OCA光学胶层b、显示模组、外围电路、接口芯片a、外围电路、接口芯片b及主控芯片。两层石墨烯透明导电薄膜层中间设有一层透明绝缘的聚合物弹性体以适应外部触控压力的变化。工作时,触控压力引起聚合物弹性体的局部形变,导致局部电容的变化,而推算出触控压力的大小。并且通过对聚合物弹性体的微纳结构化设计可提高压力感知的灵敏度。本发明所述石墨烯触摸屏实现了压力感应,具有可折叠、高灵敏度、轻薄、高透光率、高电导率、低成本、绿色环保的优点,为新型触控设备奠定基础。",中国专利,,CNKI
Patent,1,闫勇;鲁云生,一种石墨烯散热型屏蔽膜及其制备方法,215300 江苏省苏州市昆山市巴城镇东平路399号,2016-04-13,CN105491788A,发明专利,"本发明涉及屏蔽膜技术领域,具体涉及一种石墨烯散热型屏蔽膜及其制备方法,包括载体薄膜层、涂布于载体薄膜层上表面的油墨层、涂布于油墨层上表面的石墨烯散热层、涂布于石墨烯散热层上表面的导电胶黏层。本发明的石墨烯散热型屏蔽膜具有良好的柔韧性,厚度超薄,耐热性能满足焊锡液浸泡达到340℃*30秒,不分层起泡,并且具有良好的导通性能,导通电阻在300毫欧姆以下,良好的散热性,热导率为2.0W/m*K以上,电磁屏蔽效果良好,能够达到50db以上,很好地满足了电子产品行业的需求。",中国专利,,CNKI
Patent,1,谷峰;余崇圣;弋天宝;蔡茂林;盖川;潘洪亮;向双扬;何代军;段小伟;张亮,柔性石墨烯冷光板键盘,401329 重庆市九龙坡区凤笙路15号附3号,2016-04-13,CN105487683A,发明专利,"本发明公开了一种柔性石墨烯冷光板键盘,包括采用柔性弹性材料制成的基层,所述基层上设有银浆导电层,所述银浆导电层上设有发光层,所述发光层上设有绝缘层,所述绝缘层上设有石墨烯导电层,所述石墨烯导电层上设有键盘触控感应层,且所述石墨烯导电层与所述键盘触控感应层之间设有胶合层。本发明的柔性石墨烯冷光板键盘,采用石墨烯作为键盘的电极来代替传统材料ITO,解决了目前ITO在发光显示中色泽发黄、透光率不佳、质地脆弱、柔性不佳的缺点；同时,石墨烯的导电性更佳,材料来源充足,具有绿色环保的优点；采用石墨烯作为导电层后,整体的柔性大大加强,构成的键盘具有发热小,灵敏度高,柔软时尚的特点。",中国专利,,CNKI
Patent,1,潘洪亮;余崇圣;谷峰;魏大鹏,石墨烯自感式压力传感触摸屏及其制作方法,401329 重庆市九龙坡区凤笙路15号附3号,2016-04-13,CN105487721A,发明专利,"本发明公开了一种石墨烯自感式压力传感触摸屏,包括基底,基底上设有石墨烯导电薄膜,石墨烯导电薄膜的两侧设有金属材料,且石墨烯导电薄膜上通过光学胶与其贴合设有盖板。本发明还公开了一种石墨烯自感式压力传感触摸屏制作方法,包括如下步骤：1)将石墨烯导电薄膜转移到基底上,并在石墨烯导电薄膜的两侧堆积金属材料；2)采用蚀刻方法将石墨烯导电薄膜蚀刻为设定的图形；3)采用蚀刻方法将金属材料蚀刻为设定电路,并在电路中设计自感式电容屏信号检测电路和检测每根石墨烯线路电阻信号的检测电路；4)在图形化的石墨烯导电薄膜上贴合光学胶,以实现石墨烯压力传感器设计；5)将石墨烯压力传感器与外围IC电路进行绑定,并贴合盖板。",中国专利,,CNKI
Patent,1,夏燎原,一种带石墨烯垫层的散热片,410000 湖南省长沙市韶山南路498号,2016-04-20,CN205176774U,实用新型,"一种带石墨烯垫层的散热片,包括固定在南、北桥架上的基片以及成型在基片上的散热支架,所述散热支架的横切面为工字型,其上均匀设置有若干散热筋,而所述基片为三层复合结构,依次为与南北桥贴合的铜基层、成型在铜基层上的石墨烯膜层以及成型在石墨烯膜层上的铜铝合金层,且在石墨烯膜层与铜铝合金层之间成型有一层散热硅脂或者锡膏。本实用新型结构紧凑、合理,装配容易,且能有效方便成型在笔记本南、北桥部位来对其进行散热。",中国专利,,CNKI
Patent,1,刘文亮;谢金沛,一种高导热石墨烯散热金属箔,421300 湖南省衡阳市衡山县开云镇工业园坪塘路,2016-04-20,CN105517423A,发明专利,"本发明公开了一种高导热石墨烯散热金属箔,包括超薄金属箔基材,所述金属箔基材的一个表面成型一层石墨烯,所述石墨烯的表面复合有辐射散热超薄单面胶带；所述金属箔基材的另一面涂覆一层超薄导热胶层,所述超薄导热胶层的表面贴附有离型材料；所述石墨烯是在高温环境下采用化学气相沉积法在铜箔表面生长的结构完整的石墨烯层或是高温烧结而成的石墨烯薄膜。本发明能集散热屏蔽、导热绝缘等功能于一体,具有良好的导热性能和散热性能,同时屏蔽效果佳,可以取代现行的合成石墨与金属箔复合的材料,并在导热、散热性能方面超越了人工合成石墨,可用于电子产品散热和屏蔽领域。",中国专利,,CNKI
Patent,1,魏鹏;孟献振;易鹏飞,一种石墨烯动圈式扬声器,213000 江苏省常州市武进区湖塘镇沟南工业集中区(鸣新中路256号),2016-04-20,CN205179358U,实用新型,"本实用新型公开了一种石墨烯动圈式扬声器,属于扬声器技术领域。本实用新型包括石墨烯盆架、石墨烯音膜、石墨烯音圈、导磁轭铁、磁铁和铁芯,石墨烯音膜的四周固定于石墨烯盆架上,石墨烯音圈粘接在石墨烯音膜的中间下方,导磁轭铁、磁铁和铁芯依次固定于石墨烯盆架的下方,且石墨烯音圈位于铁芯与导磁轭铁构成的环形槽内。本实用新型通过在音膜和盆架的表面上喷涂石墨烯材料,提高了音膜和盆架的强度,可以进一步减小盆架的壁厚,减轻盆架的重量；利用石墨烯材料的优良导热性能,将音圈产生的热量通过盆架快速散发出去；并且采用石墨烯制作音圈,充分利用了石墨烯材料导电性好的特点,不仅提高了音圈的强度,还进一步减小了扬声器的能耗。",中国专利,,CNKI
Patent,1,饶先花;潘长富;李朝龙;高ￂQ;王强;史浩飞,石墨烯改性天然乳胶制备方法及高阻隔性安全套,401329 重庆市九龙坡区凤笙路15号附3号,2016-05-04,CN105542248A,发明专利,"本发明公开了石墨烯改性天然乳胶制备方法及高阻隔性安全套,先将石墨烯与分散剂混合液进行混合研磨搅拌,然后再混入天然乳胶水溶液中,使得石墨烯在乳胶中能够均匀分散,使得天然乳胶复合材料强度得到提高；同时,石墨烯/乳胶复合作用使微孔较少,大大减小了病毒的透过几率,石墨烯安全套厚度可达到5-80微米,能够满足安全套的使用要求。通过复合交联纳米填充技术,形成了致密的高阻隔填充层,分子间天然缝隙减少。不仅能阻隔艾滋病毒,而且比之更小的乙肝病毒,丙肝病毒,人类乳头瘤病毒等,以及绝多大多数有害细菌,也不能通过其微孔。",中国专利,,CNKI
Patent,1,李海涛;刘迎亚;包丹丹;刘明凯,一种以碳纤维为骨架的石墨烯复合膜的制备方法及其应用,221000 江苏省徐州市云龙区复兴北路,2016-04-27,CN105521765A,发明专利,"本发明公开一种以碳纤维为骨架的石墨烯复合膜的制备方法,用取氧化石墨烯液溶液,超导炭黑材料EC600JD制备混合液,装好抽滤装置,在滤膜上放上软碳布,取混合溶液进行抽滤,抽滤干后再放一层软碳布,再加混合液进行抽滤,最终得到以碳纤维为骨架的石墨烯复合膜。本发明以碳纤维布为骨架,可有效改善碳膜的承压能力,同时,使用GO改性EC600JD形成复合膜,既具有较好的机械性能和柔韧性,又对抗生素有高效的吸附能力。",中国专利,,CNKI
Patent,1,李云兴;吴正峰;仇季;张俊芬,一种制备聚苯乙烯/石墨烯/贵金属复合粒子的方法,214122 江苏省无锡市蠡湖大道1800号江南大学化学与材料工程学院,2016-05-04,CN105542332A,发明专利,"本发明提供了一种制备聚苯乙烯/石墨烯/贵金属复合粒子的方法,所述方法包括：(1)采用未经表面改性与修饰的聚苯乙烯微球,用水配制成聚苯乙烯微球分散液；(2)将氧化石墨分散在水中,经超声剥离,得到氧化石墨烯水分散液；(3)搅拌下,将氧化石墨烯水分散液加入到聚苯乙烯微球水分散液中,升温至80-100℃,加入水合肼,反应45-150分钟,经离心、洗涤,得到聚苯乙烯/石墨烯复合粒子的水分散液；其中,水合肼与氧化石墨烯的质量比100∶1-5,和(4)在聚苯乙烯/石墨烯复合粒子的水分散液中,加入贵金属前驱体,在20-100℃下反应30-120分钟,然后经离心、洗涤,得到聚苯乙烯/石墨烯/贵金属复合粒子。该方...",中国专利,,CNKI
Patent,1,关伟;杜鹃;罗艳;钟毅;李增宏,一种还原氧化石墨烯复合薄膜及其制备方法,201620 上海市松江区松江新城区人民北路2999号,2016-05-04,CN105542333A,发明专利,"本发明涉及一种还原氧化石墨烯复合薄膜及其制备方法,该方法包括(1)改进Hummer法制备低氧化石墨水溶液；(2)低氧化氧化石墨烯/两亲性聚合物分散液的制备；(3)分级离心；(4)原位聚合；(5)抽滤成膜；(6)制备复合膜；(7)还原；在70-80℃条件下,将复合膜浸泡在HI水溶液中10～15s,取出,然后清洗和干燥；即得到还原氧化石墨烯复合薄膜。本发明制备的还原氧化石墨烯复合薄膜5×5cm无任何裂缝和褶皱,0-180°任意弯曲,在λ＝550nm处透光率85％-88％,电导率达到91.6-98.2S/cm,表面电阻为145.82-175.54Ωsq-1；拉曼光谱显示,HI还...",中国专利,,CNKI
Patent,1,宋来洲;杨育林;韩康达;张英莉;左镇;李飞,α-二氧化锰-石墨烯-聚四氟乙烯耐磨减摩复合材料的制备方法,066004 河北省秦皇岛市海港区河北大街西段438号,2016-05-04,CN105542372A,发明专利,"一种α-二氧化锰-石墨烯-聚四氟乙烯耐磨减摩复合材料的制备方法,其主要是首先制备了纳米石墨烯,并对其进行氨基化处理,然后将聚四氟乙烯粉末通过等离子体处理后接枝丙烯酸,之后应用水热合成技术制备了纳米α-二氧化锰-石墨烯复合材料,最后制得了制备α-二氧化锰-石墨烯-聚四氟乙烯耐磨减摩复合材料所用的混合粉末,并对混合粉末进行冷模压成型和系列热处理,制备了α-二氧化锰-石墨烯-聚四氟乙烯耐磨减摩复合材料。应用本发明技术制备的复合材料具有摩擦系数小、磨损率低、机械强度大、热稳定性高、使用寿命长的优点,其可应广泛用于化工、机械、航空航天等领域。",中国专利,,CNKI
Patent,1,曹明莉;盛智博;张会霞,吸附重金属离子的石墨烯水泥基材料及其制备方法,116024 辽宁省大连市甘井子区凌工路2号,2016-05-04,CN105536702A,发明专利,"吸附重金属离子的石墨烯水泥基材料及其制备方法,属于复合材料技术领域。所用原料为功能化的石墨烯、水泥、砂子和水。将称量好的功能化石墨烯加入到水中,超声处理30min,依次加入水泥、砂子到搅拌锅中,搅拌；之后装模成型、养护得到成型的石墨烯水泥基材料成品。本发明吸附污染水中的重金属离子的能力强,可用于排水管道、沟渠、人工河床底、污水沉淀池等处,可循环使用,绿色环保。",中国专利,,CNKI
Patent,1,于飞;李勇;孙赛楠;韩生;王娟,一种去除水溶液中环丙沙星的氧化石墨烯海藻酸钠复合吸附材料的制备方法,200235 上海市徐汇区漕宝路120-121号,2016-05-04,CN105536726A,发明专利,"本发明涉及一种去除水溶液中环丙沙星的氧化石墨烯海藻酸钠复合吸附材料的制备方法,包括以下步骤：将一定量的氧化石墨样品分散于去离子水中,放入超声清洗器中超声6-10h；将一定量海藻酸钠溶于超声之后的氧化石墨溶液,再超声20min；将上述混合液通过蠕动泵滴加至0.2mol/L氯化钙溶液中,浸泡1-3d后,去离子水清洗3-4次,即得到海藻酸钠氧化石墨烯球体水凝胶材料,冷冻干燥后,即制得氧化石墨烯海藻酸钠球体气凝胶；本发明在较温和的条件下进行,通过离子桥的方法将氧化石墨烯封装于海藻酸钠网络结构中,避免了石墨烯粉体的纳米毒性,制备出高效吸附水溶液中环丙沙星抗生素的新纳米材料,该制备工艺简单、条件易控、成本...",中国专利,,CNKI
Patent,1,张东;臧文婷,一种混杂三维网状石墨烯材料及其制造方法,200092 上海市杨浦区四平路1239号,2016-05-04,CN105540568A,发明专利,"本发明涉及一种混杂三维网状石墨烯材料及其制备方法,属于石墨烯纳米材料技术领域。本发明制备方法包括以下步骤：制备氧化石墨烯分散液和石墨烯纳米片分散液；使用溶液混合法,配制氧化石墨烯-石墨烯纳米片混合溶液,并超声处理,促进分散混合；取混合溶液,进行水热反应,得到混杂的三维网状石墨烯；对得到的三维网状石墨烯进行冲洗,并真空冻干处理。与现有技术相比,本发明得到的混杂三维网状石墨烯材料集高热导率、稳定性和易加工性等功能于一体。相比于其他石墨烯材料,混杂三维网状石墨烯制备工艺过程简单,成本低廉,绿色安全。",中国专利,,CNKI
Patent,1,郭丽萍;王虹;曹园章;孙伟,一种石墨烯水性稳定分散液的制备方法,211189 江苏省南京市江宁区东南大学路2号,2016-05-04,CN105540571A,发明专利,"本发明提供了一种石墨烯水性稳定分散液的制备方法,步骤为：(1)将分散剂加入水中,磁力搅拌2-3min直至分散均匀,其中,分散剂与水的质量体积比为0.5-5：10-100g/mL；(2)将石墨烯加入到配制好的分散液中,其中,石墨烯与步骤(1)中的水的质量体积比为0.1：10-100g/mL,然后磁力搅拌2-3min,超声分散1-10h,得到高分散性的稳定石墨烯水性分散液。本发明的制备过程中不采用浓酸及其他强氧化剂对石墨烯进行氧化,不会对石墨烯的物理化学性能造成损失,且不产生对环境有任何污染的废弃物。",中国专利,,CNKI
Patent,1,高超;陈琛;孙海燕,一种高溶解性多褶皱干态氧化石墨烯微球及其制备方法,310023 浙江省杭州市西湖区西溪路525号C楼715室,2016-05-04,CN105540573A,发明专利,"本发明公开了一种高溶解性多褶皱干态氧化石墨烯微球及其制备方法。这种干态氧化石墨烯是首先用有机溶剂稀释Hummers法制备得到的氧化石墨烯分散液,再进行雾化干燥得到。本发明得到的干态氧化石墨烯微球溶解性好,在水和常见有机溶剂中的溶解度为20～30mg/g,并且能以单层氧化石墨烯片的形式长期稳定分散；被压缩成高密度块体后仍保持良好溶解性；制备方法简便快捷、能耗低,适合大规模工业化生产。本发明解决了现有干燥方法得到的氧化石墨烯溶解性差的问题,较高的密度有利于其运输、储存和使用,可被用于石墨烯宏观组装材料,功能化石墨烯材料及石墨烯复合材料等领域。",中国专利,,CNKI
Patent,1,陈庆;叶任海,一种利用对喷式气流粉碎机制备石墨烯微片的方法,610091 四川省成都市青羊区蛟龙工业港东海路4座,2016-05-04,CN105540574A,发明专利,"本发明涉及石墨烯材料领域,具体涉及石墨烯微片的制备方法,特别是涉及一种利用对喷式气流粉碎机制备石墨烯微片的方法。通过熔融的氯化铁、氯化钾进入石墨的层间,利用氯化铁、氯化钾晶粒易脆断的特性,利用滑石粉流动性好、不易团聚的特性,在对喷式气流粉碎机中通过高速气流使粉料碰撞,产生的击力、剪切力、摩擦力将石墨和滑石粉剥层,进一步通过分级室分选,不合格粉料回流至粉碎室,已剥离的石墨和滑石粉与气体一起产出,获得石墨烯片。实现了连续、规模化生产层数分散均匀、流动性好、不易团聚的石墨烯微片,而且产量高、成本低,无污染,层厚满足在橡胶增强、塑料增强、涂料防腐、润滑、污水处理领域的使用要求,有利于推动石墨烯的大规模...",中国专利,,CNKI
Patent,1,陈庆;孙丽枝;陈兵,一种利用高压均质机剥离制备石墨烯的方法,610091 四川省成都市青羊区蛟龙工业港东海路4座,2016-05-04,CN105540575A,发明专利,"本发明属于石墨烯技术领域,特别涉及一种利用高压均质机剥离制备石墨烯的方法。通过对石墨原料进行插层改性处理,与分散剂混合形成分散浆料,将分散浆料送入高压均质机,利用高压流体在高速流动中产生的巨大剪切力和和流体碰撞产生的冲击压力快速剥离石墨,同时利用流体的高速流动,实现了石墨的逐层剥离,防止机械剪切力对石墨烯晶体结构的破坏,使制备的石墨烯晶格缺陷小、产品质量高,实现了高剪切机械条件下规模化生产高质量少层石墨烯。本发明方法制备的石墨烯产率高,层数在十层以内,结构缺陷小,分散性好,实现了快速、高效制备高质量石墨烯,大幅度降低了高质量石墨烯的生产成本,制备过程绿色环保,具有显著的市场价值。",中国专利,,CNKI
Patent,1,陈庆;叶任海;孙丽枝;陈兵,一种在干粉状态下通过多孔骨架固体强酸制备石墨烯的方法,610091 四川省成都市青羊区蛟龙工业港东海路4座,2016-05-04,CN105540576A,发明专利,"本发明公开了一种在干粉状态下通过多孔骨架固体强酸制备石墨烯的方法,采用多孔骨架的固体强酸作为氧化剂,将微细化的石墨粉通过高速气流的输送到达固体强酸的表面,使石墨粉被氧化,获得氧化石墨粉,再用高速气流将氧化石墨烯从多孔骨架的固体强酸表面剥离下来,获得氧化石墨烯干粉,再对氧化石墨烯还原获得石墨烯。整个工艺操作简单,避免了无机强质子酸的工作环境,以及避免了剧毒有机反应物的使用,对环境友好,具有宽广的市场应用价值。",中国专利,,CNKI
Patent,1,杨仁党;程峥;张优茂,一种氧化石墨烯复合气凝胶及其制备方法与应用,510640 广东省广州市天河区五山路381号,2016-05-04,CN105536774A,发明专利,"本发明属于多孔材料催化剂领域,具体公开了一种氧化石墨烯复合气凝胶及其制备方法与应用。所述制备方法为：将氧化石墨烯粉末与水按固液比为1:2～1:6混合,超声分散；然后在搅拌的条件下加入纳米级的MnO2粉末,接着进行水热反应,反应停止后冷却至室温,过滤并用水洗涤滤饼,干燥；得到的固体材料置于醇溶液中进行置换反应,得到氧化石墨烯复合水凝胶；最后将氧化石墨烯水凝胶冷冻干燥,然后冷却,得到氧化石墨烯复合气凝胶。本发明中催化剂制备方法简单,操作性强,稳定性高,且氧化石墨烯复合气凝胶催化臭氧化处理效果较好,为造纸废水的深度处理提供了有效的方法。",中国专利,,CNKI
Patent,1,张志颖;王玮;刘春艳,一种室温还原氧化石墨烯制备石墨烯及其复合材料的方法,100190 北京市海淀区中关村东路29号,2016-05-04,CN105540577A,发明专利,"本发明提供了一种室温还原氧化石墨烯制备石墨烯及其复合材料的方法,它包括如下步骤：将氧化石墨烯分散到去离子水中,得氧化石墨烯分散液；将催化剂分散到去离子水中,得催化剂分散液；将所述氧化石墨烯分散液和所述催化剂分散液混合,得到待还原液；将还原剂分散到所述待还原液中,在室温下发生还原反应,得粗产品；用永磁体将所述粗产品进行分离,然后将产物经过渗析处理,得到石墨烯。该方法也可用于由氧化石墨烯复合材料制备石墨烯复合材料。该方法条件温和,主要用于在室温、低还原剂浓度下石墨烯及其复合材料的制备领域,特别适合负载有对温度、还原剂敏感的生物活性材料负载的石墨烯复合材料的制备。",中国专利,,CNKI
Patent,1,唐利斌;姬荣斌;项金钟;高树雄,硫掺杂石墨烯量子点的共燃制备方法,650031 云南省昆明市五华区教场东路31号,2016-05-04,CN105540578A,发明专利,"硫掺杂石墨烯量子点的共燃制备方法,涉及石墨烯量子点的制备方法,尤其是一种采用价格低廉的液体石蜡和二硫化碳作为原材料,采用共燃法进行制备的硫掺杂石墨烯量子点的共燃制备方法。本发明的硫掺杂石墨烯量子点的共燃制备方法,通过异质硫原子的掺杂,来有效地调制石墨烯量子点的结构和能级,从而调制石墨烯量子点光电性质,其特征在于硫掺杂石墨烯量子点通过共燃、超声等制备方法得到。本发明的硫掺杂石墨烯量子点的共燃制备方法,整体技术路线创新,价格低廉,共燃法制备得到硫掺杂碳纳米球,再经过超声液相剥离,成功制备出硫掺杂石墨烯量子点,具有优异的光电性质,增加了石墨烯量子点的额外能级,有效地改变了石墨烯量子点的性能。",中国专利,,CNKI
Patent,1,高峰;胡宇;侯伟骜;王芦燕;崔云涛;李振铎,一种制备石墨烯的新方法,100160 北京市丰台区南四环西路188号总部基地十八区23号楼,2016-05-04,CN105540579A,发明专利,"本发明公开了一种制备石墨烯的新方法,属于材料技术领域,包括以下步骤：对天然鳞片石墨进行插层,制备可膨胀石墨,对可膨胀石墨进行团聚造粒,筛分获得球形粒径适宜的可膨胀石墨,对其进行等离子喷涂,在基材上得到石墨烯。本发明利用高能等离子焰流较普通加热方式更快地加热可膨胀石墨,使含氧官能团在极短时间内迅速分解,产生更高的冲击力,从而直接剥离石墨片层,免去了超声波分离等步骤,从而更快捷地获得大片层石墨烯。",中国专利,,CNKI
Patent,1,刘成伦;李辉;徐龙君,一种石墨烯复合磁性光催化剂Mn1-xZnxFe2O4/BiVO4/RGO的制备方法,400044 重庆市沙坪坝区沙坪坝正街174号,2016-05-04,CN105536810A,发明专利,"本发明涉及一种石墨烯复合磁性光催化剂Mn1-xZnxFe2O4/BiVO4/RGO的制备方法,属于无机光催化材料领域。将片层状石墨烯(RGO)和磁性Mn1-xZnxFe2O4颗粒负载在单斜BiVO4上形成的异质结复合光催化剂,具有强的导电能力,阻抗值(103Ω.cm2)明显小于BiVO4的阻抗值(351Ω.cm2...",中国专利,,CNKI
Patent,1,朱启安;王建霞;白杲;蒋叔立;杜寒宇;魏明杨,一种石墨烯/硫化锑复合光催化剂的制备方法,411105 湖南省湘潭市雨湖区羊牯塘27号,2016-05-04,CN105536819A,发明专利,"本发明公开了一种石墨烯/硫化锑复合光催化剂的制备方法。该方法是先将氧化石墨烯加入到去离子水中,超声分散,然后加入硫源,超声处理,再加入酒石酸锑钾,并磁力搅拌,得反应混合物；将反应混合物水热处理,冷却后,离心分离,得黑色沉淀；将黑色沉淀洗涤、干燥后得石墨烯/硫化锑复合光催化剂。该方法制得的石墨烯/硫化锑复合光催化剂复合效果好、可见光光催化活性高,能充分利用太阳光及室内自然光对环境污染物进行光催化降解。其具有生产工艺简单、生产过程绿色环保、反应参数容易控制、实施成本低、产品质量优良的优点,可广泛用于石墨烯基复合材料的制备。",中国专利,,CNKI
Patent,1,闵宇霖;周凡琪;李涛涛,石墨烯纳米带负载半导体的三维光催化材料的制备方法,200090 上海市杨浦区平凉路2103号,2016-05-04,CN105536840A,发明专利,"本发明涉及石墨烯纳米带负载半导体的三维光催化材料的制备方法,将二氧化钛前驱体溶解于过氧化氢与氨水混合溶液中,搅拌至溶液黄色澄清,加入氮化碳,待溶液浑浊,离心洗净,再加入去离子水和经过超声处理的石墨烯纳米带,搅拌后于反应釜中反应,再经过离心、洗净、烘干处理后,于氮气氛围下煅烧,即得到石墨烯纳米带负载的半导体三维光催化材料。与现有技术相比,本发明,制备工艺简单,有效提高了催化剂的活性和光催化性能,石墨烯纳米带的加入,使得该材料在可见光区域有了明显的响应。",中国专利,,CNKI
Patent,1,吉成胜,一种石墨烯复合材料及其制备方法,213000 江苏省常州市武进区西太湖科技产业园祥云路6号,2016-05-04,CN105536848A,发明专利,"本发明所述的一种石墨烯复合材料,包括氮掺杂还原氧化石墨烯和氮掺杂二氧化钛纳米线；所述二氧化钛纳米线的长径比大于10。本发明选取一维二氧化钛纳米线作为活性组分,二氧化钛纳米线不但具有更好的电子传输通道,有利于加速电子传输,提高反应速率。同时,一维二氧化钛纳米线还能更好的防止石墨烯片层的堆叠,更加有效的利用石墨烯大比表面的特性,增加反应接触面积,提高催化反应速率。本发明所述的一种石墨烯复合材料的制备方法,不但工艺简单、原料易保存、反应温和,而且能耗较低,适合工业应用。同时,先制备形貌可控的二氧化钛纳米线,再制备所述石墨烯复合材料,不但有效降低了生产成本,而且能够实现产品质量可控。",中国专利,,CNKI
Patent,1,尹海旭;殷恒波,一种石墨烯负载镍铜双金属催化剂催化转化甘油制取乳酸的方法,212013 江苏省镇江市京口区学府路301号,2016-05-04,CN105541608A,发明专利,"本发明涉及乳酸制备技术领域,特指一种负载镍铜双金属催化剂催化转化甘油制备乳酸的方法,乳酸的选择性可达98.3％,甘油转化率可达100％。其特征在于：是以生物质甘油为原料,反应温度在90～170℃,反应时间为1～2h,在以石墨负载双金属镍铜为催化剂下,在NaOH提供的碱性条件下由高纯氮气排空的高压反应釜中进行反应制取乳酸。所述石墨烯负载双金属镍铜催化剂具有反应温度、压力低,催化活性高,乳酸选择性高,以及价格低廉工艺过程安全环保等优点,具有良好的工业化前景。",中国专利,,CNKI
Patent,1,于淼;孙磊;杨晨辉;孙晔;李正林,成级别增长制备石墨烯量子点的方法,150001 黑龙江省哈尔滨市南岗区西大直街92号,2016-04-27,CN105523543A,发明专利,"成级别增长制备石墨烯量子点的方法,本发明属于碳材料科学领域,特别涉及一种制备石墨烯量子点的方法。本方法：一、将芳香族化合物加入硝酸中,加热,冷却至室温,加水,过滤,洗涤,干燥,得到黄色粉末；二、将黄色粉末加入到碱性物质中,超声中处理,然后倒入不锈钢反应釜中,密封,加热,自然冷却至室温后,过滤,取滤液倒入透析袋中,透析,干燥,得到石墨烯量子点；本发明先将萘硝基化,随后在碱性溶液中水热处理形成石墨烯量子点。该量子点尺寸小且易于分散,无团聚现象,随原料的加入量增加,产物的产量也相应地增加,本发明方法简单,条件温和,有利于未来大规模生产和应用。",中国专利,,CNKI
Patent,1,赵ﾵt松;孔莹;赵东林;姚冉冉;林欢,一种石墨烯的制备方法,100029 北京市朝阳区北三环东路15号,2016-04-27,CN105523545A,发明专利,"本发明公开了一种石墨烯的制备方法,属于材料技术领域。本发明以石墨化的中间相炭微球为原料,通过碳化和石墨化制备石墨化中间相炭微球,经过化学氧化制备氧化石墨烯,用热还原法制备层数可控的石墨烯。制备方法：采用改进的Hummers法将石墨化中间相炭微球氧化,通过超声、离心得到氧化石墨烯；惰性气氛下在管式炉中对氧化石墨烯进行高温热还原,产物经过过筛、超声以及干燥得到石墨烯。本发明提供的技术方案中采用了中间相炭微球作为原料,经过石墨化处理,使后续剥离方便,层数容易控制,所制得的单层石墨烯可达到90％以上,品质较高,制备工艺简单高效,得到的石墨烯层数在五层以下,产率较高。可在石墨烯及相关产品生产和应用中发挥...",中国专利,,CNKI
Patent,1,魏大程;亓国强;杨伟;夏冬云;李科;李孟林;刘冬华;曹敏;彭兰,一种三维石墨烯的制备方法,200433 上海市杨浦区邯郸路220号,2016-04-27,CN105523546A,发明专利,"本发明属于石墨烯制备技术领域,具体公开了一种三维石墨烯的制备方法。本发明方法包括以下步骤：将氧化石墨烯分散获得氧化石墨烯水溶液；将三维金属泡沫浸入氧化石墨烯溶液,通过物理或化学方法获得孔内负载有石墨烯气凝胶的三维金属泡沫；以孔内负载有石墨烯气凝胶的三维金属泡沫为模板,利用化学气相沉积法,得到含基底的三维石墨烯；通过刻蚀清洗得到三维石墨烯。本发明工艺简单,能实现高质量、高密度三维石墨烯,为其在催化、储能、导热、吸附等领域的应用奠定了基础。",中国专利,,CNKI
Patent,1,高超;彭蠡;姜炎秋;刘英军,一种超柔性高导热石墨烯膜及其制备方法,310058 浙江省杭州市西湖区余杭塘路,2016-04-27,CN105523547A,发明专利,"本发明公开了一种超高柔性石墨烯导热膜及其制备方法,该石墨烯膜由超大片均匀氧化石墨烯经过溶液成膜、化学还原、高温还原以及高压压制等步骤得到。石墨烯膜由具有微观尺度褶皱的宏观多层褶皱石墨烯通过物理交联组成,片层间可滑移,因此具有极高的柔性。其石墨烯片层结构完美,片层晶区极大(100um左右)并极少含有缺陷,经过高压压制后结构密实,具有超高的导电性和导热性。此高柔性石墨烯导热膜可耐反复弯折1200次以上,断裂伸长率为12-18％,导电率为8000-10600S/cm,热导率为1800-2600W/mK,可用作高柔性导热导电器件。",中国专利,,CNKI
Patent,1,高ￂQ;李占成;姜浩;史浩飞,一种控制石墨烯晶核生长的载具,400714 重庆市北碚区方正大道266号,2016-04-27,CN105523548A,发明专利,"本发明公开一种控制石墨烯晶核生长的载具。载具包括上盖、盒子和用于生长石墨烯的平直的金属基底,上盖上开有小孔,上盖和盒子均由石墨、石英、氮化硅或碳化硅等熔点大于1000摄氏度的耐高温材料制成；金属基底放置于盒子的底座上后金属基底与盖在盒子上的上盖下表面距离小于等于2mm。该载具的使用方法包括金属基底预处理、金属基底退火、石墨烯成核、冷却和氧化过程。本发明在成核阶段载具的开孔大小对反应气体的起到限流作用,可以控制石墨烯在铜箔上的成核区域和成核密度；通过开孔大小和各种生长参数控制减小石墨烯的成核密度从而实现大单晶石墨烯的制备；通过CVD管式炉控制气体比例和压强使石墨烯单晶或多晶面积长大。",中国专利,,CNKI
Patent,1,陈庆;孙丽枝;陈兵,一种用于机械剥离法制备石墨烯的剥离剂及应用,610091 四川省成都市青羊区蛟龙工业港东海路4座,2016-04-27,CN105523549A,发明专利,"本发明属于石墨烯技术领域,特别涉及一种用于机械剥离法制备石墨烯的剥离剂及应用。所述剥离剂按重量百分比由如下成分组成：70~80%的聚合有机质,5~15%的有机发泡剂和10~20%的载体。将上述组分在高速搅拌机中混合均匀,使聚合有机质和有机发泡剂和均匀负载在载体中,在机械剥离制备石墨烯的过程中,将剥离剂与石墨原料混合形成预混物,在机械剪切过程中,负载在无机层状载体中的发泡剂发泡产生剥离力,使石墨层间的间隙扩大,同时聚合有机质与石墨层间发生非共价作用,有利于降低石墨层间的作用力,同时还可以提高石墨烯的分散性。采用本发明剥离剂制备的石墨烯产率高,结构缺陷小,可以明显缩短机械剥离制备石墨烯的时间,具有...",中国专利,,CNKI
Patent,1,陈庆;叶任海,一种利用圆盘式气流粉碎机制备石墨烯微片的方法,610091 四川省成都市青羊区蛟龙工业港东海路4座,2016-04-27,CN105523550A,发明专利,"本发明涉及石墨烯材料领域,具体涉及一种利用圆盘式气流粉碎机制备石墨烯微片的方法。先将石墨粉进行热处理,然后利用插层剂对石墨烯进行预处理,减小石墨层之间范德华力,使石墨层更易被剥离,再将石墨粉加入圆盘式气流粉碎机中,在高速气流碰撞的中使石墨之间相互摩擦、碰撞,产生以剪切力为主的剪切力、摩擦力和撞击力,将石墨剥层,从而获得石墨烯微片。实现了连续、规模化生产层数均匀的石墨烯微片,而且产量高、成本低,无污染,层厚满足在橡胶增强、塑料增强、涂料防腐、润滑、污水处理领域的使用要求,有利于推动石墨烯的大规模应用。",中国专利,,CNKI
Patent,1,陈庆;叶任海;陈韦坤;孙丽枝,一种通过机械剥离分级制备石墨烯微片的方法,610091 四川省成都市青羊区蛟龙工业港东海路4座,2016-04-27,CN105523551A,发明专利,"本发明公开了一种通过机械剥离分级制备石墨烯微片的方法,通过连续螺杆挤出机提供的剪切力剥离石墨,获得石墨烯微片,并利用不同尺寸石墨烯微片的质量差别,采用离心分离的方法,在靠近容器壁的一侧获得尺寸大的石墨烯微片,在芯部获得尺寸小的石墨烯微片,然后采用凝结剂使溶液凝固成圆柱形固态混合物。经过简单的机加工,即可获得分级分离的石墨烯溶剂混合物。该方法在剥离石墨的同时分级产物获得石墨烯微片,实用于大规模生产石墨烯材料,而且有效地将不同尺寸的石墨烯微片分离开,不仅能够高效利用原料,降低成本,而且制备工艺过程简单。",中国专利,,CNKI
Patent,1,刘立伟;魏相飞;李奇;李伟伟;郭玉芬;陈明亮,多孔石墨烯电磁吸波复合材料、其制备方法及应用,215123 江苏省苏州市工业园区独墅湖高教区若水路398号,2016-04-27,CN105524466A,发明专利,"本发明公开了一种多孔石墨烯电磁吸波复合材料、其制备方法及应用。该复合材料主要由含Fe3+的石墨烯微片、聚合物与发泡剂复合形成,并具有多孔结构,所述多孔结构中孔道的孔径为1nm-1cm,孔隙率为50%-90%；其制备方法包括：将含Fe3+的石墨烯微片、聚合物和/或聚合物单体与发泡剂均匀混合后,加热发泡,获得所述复合材料。本发明的多孔石墨烯复合材料且具有质量轻、孔隙多、吸收频带宽、耐腐蚀、耐高温等优点,在电磁屏蔽和电磁隐身方面可以获得重要应用,也可广泛应用于隔音涂料、散热涂料、吸附载体等不同领域,且其制备工艺简单,成本低廉,易于工业化生产。",中国专利,,CNKI
Patent,1,秦志鸿;周旭峰;刘兆平,一种石墨烯复合导电粉体及其制备方法,315201 浙江省宁波市镇海区中官西路1219号,2016-04-27,CN105523552A,发明专利,"本发明提供了一种石墨烯复合导电粉体,其由石墨烯材料与导电炭材料通过氢键自组装得到；所述石墨烯材料表面吸附有多吡啶化合物,所述导电炭材料表面吸附有羧基化合物,所述导电炭材料不包括石墨烯。在石墨烯复合导电粉体中,石墨烯材料表面均匀覆盖有导电炭材料,使得相邻的石墨烯材料之间均有导电炭材料形成阻隔,而有效增强了石墨烯复合导电粉体在溶剂中的分散性。本申请还提供了一种石墨烯复合导电粉体的制备方法。",中国专利,,CNKI
Patent,1,陈庆;叶任海;孙丽枝;陈韦坤,一种通过单一冷端急冻单分子水膨胀制备石墨烯的方法,610091 四川省成都市青羊区蛟龙工业港东海路4座,2016-04-27,CN105523553A,发明专利,"本发明公开了一种通过单一冷端急冻单分子水膨胀制备石墨烯的方法,将块状膨胀石墨充分浸没于去离子水中,通过低频振荡获得打断水分子间的氢键,通过低频共振仪产生低频电磁振荡打断水分子间的氢键,获得活化水分子,降低水分子团的大小,使水分子和极性添加剂分子自由进入石墨层间,然后用单一冷端,冷冻石墨和水,水在石墨层间凝固成冰,体积增大,增加石墨层间距。最后,通过机械机剪切剥离,剥离后蒸发水生产出石墨烯产品。本发明采用去离子和少量添加剂制备石墨烯,避免了毒性有机小分子的使用,而且该方案在低温下物理剥离石墨烯,减少石墨烯的次生缺陷并且本方案减少了其他杂质元素的污染,环保、适合大规模生产。",中国专利,,CNKI
Patent,1,胡海龙;郭太良;黄航;朱敬光;李福山;杨尊先;周雄图;张永爱;叶芸;孙磊,一种常温常压下利用激光快速制备石墨烯的方法,350108 福建省福州市闽侯县上街镇大学城学园路2号福州大学新区,2016-04-27,CN105523554A,发明专利,"本发明涉及一种常温常压下利用激光快速制备石墨烯的方法,包括以下步骤：提供一催化剂金属；提供一液态碳源,将催化剂金属浸没在该液态碳源中；提供一激光光源,使其透过液态碳源照射于该催化剂金属上,使催化剂金属瞬间加热,液态碳源在催化剂金属的作用下在催化剂金属表面形成石墨烯薄膜。若使激光光源按一定的图案对催化剂金属进行扫描照射,还可以在催化剂金属表面形成图案化石墨烯薄膜；该方法升温与降温速度快,具有快速制备石墨烯的优点。",中国专利,,CNKI
Patent,1,尚岩;徐慧珠;张桂玲;李晓霞,一种以尿素铁为铁源制备四氧化三铁负载氮掺杂石墨烯复合材料的方法,150080 黑龙江省哈尔滨市南岗区学府路52号,2016-05-04,CN105540682A,发明专利,"一种以尿素铁为铁源制备四氧化三铁负载氮掺杂石墨烯复合材料的方法,它涉及一种四氧化三铁负载氮掺杂石墨烯复合材料的方法。本发明的目的要解决现有四氧化三铁负载氮掺杂石墨烯复合材料制备方法需要在惰性气体氛围下高温反应,导致存在危险性大和能耗大的问题。方法：一、制备氧化石墨烯的尿素溶液；二、制备尿素铁乙二醇混合液；三、热反应,得到四氧化三铁负载氮掺杂石墨烯复合材料。优点：本发明实现了四氧化三铁负载氮掺杂石墨烯复合材料的一步水热合成。在水热反应过程中同时实现了+3价铁的还原、氧化石墨烯的还原、石墨烯的氮掺杂这三个过程。本发明主要用于制备四氧化三铁负载氮掺杂石墨烯复合材料。",中国专利,,CNKI
Patent,1,田明伟;曲丽君;朱士凤;孙亚宁;周卉卉;陈国华,一种氧化石墨烯聚乙烯醇杂化气凝胶的制备方法,266071 山东省青岛市宁夏路308号青岛大学,2016-04-27,CN105521770A,发明专利,"本发明属于水处理功能气凝胶制备技术领域,涉及一种氧化石墨烯聚乙烯醇杂化气凝胶的制备方法,工艺步骤包括制备氧化石墨烯分散液、制备氧化石墨烯/壳聚糖混合溶液、制备自发泡用溶液、制备凝胶溶液和制备氧化石墨烯/壳聚糖聚乙烯醇杂化气凝胶五个步骤；将氧化石墨烯分散液与蒸馏水、冰乙酸和壳聚糖粉末充分混合,然后加入聚乙烯醇、填充剂、交联剂、发泡剂和催化剂制备气凝胶；气凝胶吸水能力强,具有高亲水性,吸附速率快,再生后可重复使用,可用于工业废水处理；制备方法原理简单,操作容易,工艺设备简单,原料价格低廉,有利于产业化。",中国专利,,CNKI
Patent,1,李泽胜;刘志森;李泊林;李德豪,一种蜂窝状石墨烯/碳化钨/铂金复合电催化剂的制备方法与应用,525000 广东省茂名市官渡二路139号,2016-04-27,CN105521804A,发明专利,"本发明属于电催化剂制备技术领域,具体公开了一种蜂窝状石墨烯/碳化钨/铂金复合电催化剂的制备方法与应用,采用球形模板利用高温还原法一步制备蜂窝状“石墨烯/碳化钨”复合体,球形模板作为支架,将碳化钨和石墨烯负载于球形模板表面,由于选用了一些富含碳源、且容易高温分解的聚合物微球,其在高温还原的过程中球形模板分解放出含碳气体,因此能够与钨源反应生成粒径极细的蜂窝状石墨烯/WC,同时高温过程中球形模板自动分解消失,无需额外的模板清除步骤,这种三维蜂窝状的“石墨烯/碳化钨”复合体具有更高的比表面积,更强的导电能力和稳定性；为高性能的WC基“协同效应”的“低铂电催化剂”发展提供新的发展策略。",中国专利,,CNKI
Patent,1,童磊;周忠福;王会利;王云龙;胡琪卉;李玲;郝福瑞;张玲玉;俞健舒;张家平,一种用于CVD连续制备石墨烯的设备,243051 安徽省马鞍山市慈湖国家级高新技术产业开发区园中路398号,2016-04-27,CN205187875U,实用新型,"本实用新型公开了一种用于CVD连续制备石墨烯的设备,包括管式炉和石英管道,所述石英管道穿过所述管式炉,所述石英管道的两端分别设有第一法兰和第二法兰,所述第一法兰的外侧设有入气口,所述第一法兰的内侧设有第一支架；所述第二法兰的外侧设有出气口,所述第二法兰的内侧设有第二支架；所述第一支架和第二支架相向侧处分别设有第一滚轴和第二滚轴,柔性基底缠绕在所述第一滚轴上并牵引至第二滚轴,电机带动第二滚轴转动；所述第一滚轴和第二滚轴均为可拆卸式滚轴。本实用新型以管式炉为基础,通过使基底连续通过加热区的方式来避免反复升温降温以及更换基底的过程,提高石墨烯制备的效率,同时减少能耗,提高能源利用率。",中国专利,,CNKI
Patent,1,纪树兰;申洪泮;王乃鑫;汪林;马￳Y,一种高性能氧化石墨烯管式纳滤膜的制备方法及应用,100124 北京市朝阳区平乐园100号,2016-05-04,CN105536563A,发明专利,"一种高性能氧化石墨烯管式纳滤膜的制备方法及应用,属于膜分离技术领域。其步骤包括：将氧化石墨烯片超声分散在去离子水中,得到分散均匀的氧化石墨烯水溶液；向该水溶液中加入阴离子活性剂并不断搅拌得到铸膜液；将多巴胺预处理后的多孔陶瓷膜浸泡在铸膜液中,一定时间后取出并放入烘箱中干燥,即可获得具有高染料脱除性能的氧化石墨烯管式纳滤膜。通过该种方法制备的纳滤膜具有截留率高,通量大等特点,并且制备过程简便易行,可以广泛应用在水处理领域。",中国专利,,CNKI
Patent,1,刘岚;林勇;陈松;袁雪;罗远芳,一种基于石墨烯的功能纳米二氧化硅的制备方法,510640 广东省广州市天河区五山路381号,2016-05-04,CN105542228A,发明专利,"本发明公开了一种基于石墨烯的功能纳米二氧化硅的制备方法。本发明首先通过改性Hummer法,初步制备得到氧化石墨。其次,采用振荡和辅助超声制备得到均匀分散的氧化石墨烯和纳米二氧化硅悬浮液。然后采用表面改性法制备硅烷接枝氧化石墨烯和纳米二氧化硅。最后,采用静电组装和化学还原制备得到石墨烯-纳米二氧化硅杂化材料。该方法简单、有效,解决了石墨烯片层的堆叠和纳米二氧化硅的严重团聚问题,具有潜在的应用价值。",中国专利,,CNKI
Patent,1,上媛媛;花春飞;李淑荟;王颖,一种螺旋结构石墨烯纤维及其制备方法和应用,450001 河南省郑州市高新区科学大道100号,2016-05-04,CN105543991A,发明专利,"本发明提供一种螺旋结构石墨烯纤维及其制备方法和应用,解决了现有技术中石墨烯纤维断裂应变能力低等问题。所述方法是按照下述方式进行的：步骤(1),将氧化石墨烯分散液平摊在基底上,自然干燥后,得到氧化石墨烯薄膜；步骤(2),将氧化石墨烯薄膜裁剪为氧化石墨烯条带；步骤(3),将氧化石墨烯条带用水汽润湿后纺织成直的纤维,然后过扭形成氧化石墨烯螺旋纤维；步骤(4),将氧化石墨烯螺旋纤维浸入氢碘酸中还原,并经去离子水反复清洗后干燥,得到螺旋结构石墨烯纤维。本发明制备的螺旋结构石墨烯纤维,结构稳定,具有很好的抗拉性能,不仅有良好的电学性能、力学性能,而且表现出热敏性能,并且制备方法简单,工艺新颖独特。",中国专利,,CNKI
Patent,1,唐一林;张金柱;刘顶,一种石墨烯改性色浆、制备方法及其用途,250204 山东省济南市章丘市刁镇工业经济开发区,2016-05-04,CN105543993A,发明专利,"本发明涉及一种石墨烯改性色浆,其按各组分占的重量百分比包括以下组分：石墨烯0.1～5％、炭黑15～55％、功能助剂2～25％、分散剂2～20％以及余量为溶剂。本发明通过将特定量的石墨烯添加到含有特定炭黑量的色浆中,使炭黑附着在石墨烯的表面,两者之间的结合力能够有助于石墨烯的分散,避免了石墨烯添加到纺丝液中分散不均的缺陷。此外,特定量的石墨烯和炭黑之间的结合力在纺丝过程中消失,使得到的纺织品中石墨烯的功效得以发挥,使纺织品具有石墨烯的特性,如优异的远红外性能、抗菌抑菌性能以及防紫外线性能。",中国专利,,CNKI
Patent,1,李朝龙;叶恩洲;褚金;史浩飞,一种耐紫外石墨烯量子点复合对位芳纶纤维的制备方法,400700 重庆市北碚区水土高新园方正大道266号,2016-05-04,CN105543997A,发明专利,"本发明公开了一种耐紫外石墨烯量子点复合对位芳纶纤维的制备方法,其特征在于,包括以下步骤：1)石墨烯量子点乙烯基功能化,2)反应型苯并三唑接枝石墨烯量子点,3)反应型苯并三唑接枝石墨烯量子点改性对位芳纶,4)反应型苯并三唑接枝石墨烯量子点改性对位芳纶纤维的制备。本发明制备的对位芳纶纤维同时具有屏蔽和吸收紫外线的能力,有着优异的耐紫外线性能,改善了芳纶纤维的在大气中的使用寿命,可用于航天工业、国防、汽车工业、防弹衣、通信电缆及运动汽车等方面。",中国专利,,CNKI
Patent,1,高超;王冉;孙海燕;韩ﾠD,一种超级可拉伸的高导电的石墨烯纤维及其制备方法,310027 浙江省杭州市西湖区西溪路525号C楼715室,2016-05-04,CN105544016A,发明专利,"本发明公开了一种超级可拉伸的高导电的石墨烯纤维及其制备方法,该方法先将氧化石墨烯膜以0.1-1℃/min的速率升温到500-800℃,保温0.5-2h,再以1-3℃/min的速率升温到1000-1300℃,保温0.5-3h,然后以5-8℃/min的速率升温到2000-3000℃,保温0.5-4h,然后将该石墨烯膜进行卷绕处理,得到超级可拉伸的高导电的石墨烯纤维,断裂伸长率30-220％,导电率1-2.36×106S/m。该制备方法工艺简单,可以获得不同直径和长度的石墨烯纤维,克服了传统石墨烯纤维断裂易拉断的问题,导电性能优异,具备工业化前景。",中国专利,,CNKI
Patent,1,高超;刘英军;许震,一种高导电石墨烯纤维及其制备方法,310027 浙江省杭州市西湖区浙大路38号,2016-05-04,CN105544017A,发明专利,"本发明公开了一种高导电石墨烯纤维及其制备方法,采用湿法纺丝技术,将质量分数为1～10％的氧化石墨烯纺丝液从纺丝头中挤入凝固浴得到氧化石墨烯凝胶纤维,充分固化后,收集到石墨滚轴上,得到氧化石墨烯纤维。再依次经过化学还原、高温热处理处理以及化学掺杂,所制备的石墨烯纤维具有很高的导电率,比一般的石墨烯纤维的导电率高出一个数量级。整个过程工艺简单可控,实现了石墨烯纤维导电性能的提升。所得到的石墨烯纤维具有十分优异的力学性能和优异的导电导热性能。这种高导电石墨烯纤维可以用于制备柔性太阳能电池、超级电容器、可穿戴器件；可做为轻质导线,用于超轻电线电缆,有望取代金属铜线,用于新一代电力传输。",中国专利,,CNKI
Patent,1,荣海琴;邓克明;王娣;芦静;张国良;俞建勇;吴琪琳;姚静;徐爽,一种石墨烯掺杂聚丙烯腈中孔活性碳纤维及其制备方法,201620 上海市松江区人民北路2999号,2016-05-04,CN105544020A,发明专利,"本发明提供了一种石墨烯掺杂聚丙烯腈中孔活性碳纤维及其制备方法。所述的石墨烯掺杂聚丙烯腈中孔活性碳纤维,其特征在于,包括聚丙烯腈中孔活性碳纤维主体,所述的聚丙烯腈中孔活性碳纤维主体中掺杂有石墨烯。其制备方法包括：制备石墨烯掺杂混合纺丝原液；采用湿法纺丝工艺进行纺丝,在催化扩孔剂溶液中浸渍5～24小时,在80～120℃烘干后放入活化炉中,在空气气氛中于200～300℃预氧化2～5小时,活化,随炉冷却后取出,得到石墨烯掺杂聚丙烯腈中孔活性碳纤维。本发明制得的石墨烯掺杂聚丙烯腈中孔活性碳纤维由于添加了导电性能优良的石墨烯,并且具有合适的中孔结构、较好的导电性,非常适合做超级电容器的电极。",中国专利,,CNKI
Patent,1,唐一林;张金柱;张安;吕冬生;刘顶,一种含有石墨烯的复合聚酯纤维、其制备方法和用途,250204 山东省济南市章丘市刁镇工业经济开发区,2016-04-27,CN105525381A,发明专利,"本发明涉及一种含有石墨烯的复合聚酯纤维,所述聚酯纤维中含有石墨烯；所述石墨烯是通过碳纳米结构复合物的形式引入；所述碳纳米结构复合物中包括石墨烯,以及SP3杂化结构的碳。本发明提供的含有石墨烯的复合聚酯纤维的制备方法无需对碳纳米结构的复合物进行改性,降低了成本,简化了工艺流程,实现了碳纳米结构与聚酯复合工艺与常规聚酯母粒制备和纺丝工艺的无缝对接。",中国专利,,CNKI
Patent,1,程礼华;程皓,高铝煤IGCC发电石墨烯合金联产装置,311121 浙江省杭州市金星二路美伦科技园综合楼306,2016-04-27,CN205188217U,实用新型,"本实用新型涉及发电领域、石墨烯合金制造领域,尤其涉及高铝煤IGCC发电石墨烯合金联产装置,包括：高铝煤催化器、IGCC碳氧循环发电系统、二氧化循环利用装置、空心电极密闭升降催化装置、远程防爆监控中心；所述高铝煤催化器与IGCC碳氧循环发电系统连接,IGCC碳氧循环发电系统与二氧化碳循环利用装置、空心电极密闭升降催化装置连接,二氧化碳循环利用装置与高铝煤催化器、空心电极密闭升降催化装置连接,远程防爆监控中心在线实时监控。本实用新型的有益效果在于：IGCC碳氧循环发电,进行纯氧或富氧燃烧,节煤25％,热能利用率提高15％,捕集二氧化碳,碳减排100％,节水80％；高铝粉煤灰100％综合利用,低成本...",中国专利,,CNKI
Patent,1,王秋芹,一种石墨烯氧化铁基远红外发热涂层及其制备方法,312400 浙江省绍兴市嵊州市三界镇姚岙村,2016-04-27,CN105524498A,发明专利,"本发明公开了一种石墨烯氧化铁基远红外发热涂层及其制备方法,以为氧化石墨烯、纳米氧化铁、氧化铈、透闪石、纳米银-二氧化铁核壳结构、黑曜石、绿镁镍石、蛇纹石、麦饭石、绿泥石、氧化铝溶胶、桉叶油、白刚玉、硅丙乳液和消泡剂原料,经过等离子喷涂工艺,制备一种环保、健康、远红外发热能力强的石墨烯氧化铁基远红外发热涂层。",中国专利,,CNKI
Patent,1,陈庆;曾军堂;叶任海,一种防腐涂料石墨烯微片复合材料的制备方法及应用,610091 四川省成都市青羊区蛟龙工业港东海路4座,2016-04-27,CN105524499A,发明专利,"本发明提出一种防腐涂料石墨烯微片复合材料的制备方法及应用。该方法采用天然鳞片石墨为主要原料,利用螺杆挤出机作为连续反应器,通过螺杆挤出机连续研磨、分散、插层、剪切剥离,利用氯化石蜡、二聚酸对鳞片石墨的边界产生缺陷,以及硫酸铝钾溶体的插层,将鳞片石墨有效剥离成石墨烯微片,实现了石墨烯微片剥离、复合于一体,无需后续清洗去除,直接用于混凝土、木材、金属的防腐涂料,具有良好的分散性和阻隔特性。克服了石墨烯微片在防腐涂料中应用难以分散、容易重新重叠聚集的缺陷,实现连续化封闭式生产石墨烯微片复合材料,具有显著的市场应用价值。",中国专利,,CNKI
Patent,1,不公告发明人,一种石墨烯网孔版油墨及其制备方法,528051 广东省佛山市禅城区张槎一路127号2座2层08-14的K房,2016-04-27,CN105524521A,发明专利,"本发明公开了一种石墨烯网孔版油墨,该油墨是由以下重量份数的各组份组成：聚氨酯丙烯酸酯15-22％、流平剂7-13％、聚四氟乙烯1-5％、石墨烯3-5％、着色剂3-8％、羧甲基纤维素1-5％、偶联剂0.05-0.5％、乙二醇丁醚2-8％、催干剂2.6-4.5％、pH调节剂1.1-2.2％、辅助改性剂11-20％,余量为溶剂。本发明工艺配方简单易用,将石墨烯应用于网孔版油墨能够使其具有较好的抗沉降性能、高黏度、低黏性,且其流变性能可调,油墨固化速率快、电学性能稳定、无毒环保、附着力强、不易褪色,具有良好的应用前景。",中国专利,,CNKI
Patent,1,车云霞;吕艳红;孟良;董方伟,一种石墨烯硅藻土抗甲醛涂料及其制备方法,266000 山东省青岛市高新区华东路826-26,2016-05-04,CN105542595A,发明专利,"本发明属于化工涂料领域,尤其涉及一种石墨烯硅藻土抗甲醛涂料及其制备方法。包括以下物质：水,纤维素,烷基芳基聚醚,丙二醇,增稠剂,消泡剂,钛白浆,填料浆,硅藻土,多功能胺助剂,乳液,成膜助剂,杀菌剂,流平剂,抗甲醛助剂；其中,所述抗甲醛助剂为石墨烯和纳米二氧化钛的混合物。本发明与仅通过硅藻土吸附和仅通过二氧化钛分解的产品相比,不仅可以从根本上彻底清除甲醛,还可以提高分解净化效率。并且石墨烯的加入,增加了水性乳胶漆的耐磨性能。",中国专利,,CNKI
Patent,1,王金清;叶相元;杨生荣;方治文;刘超;张敏,一种具有优异抗磨性能的聚酰亚胺/氟化石墨烯复合耐磨涂层及其制备方法,255138 山东省淄博市淄川区罗村镇南韩工业园,2016-04-27,CN105524547A,发明专利,"本发明一种具有优异抗磨性能的聚酰亚胺/氟化石墨烯复合耐磨涂层及其制备方法,包括金属基底和涂覆于金属基底上的复合耐磨涂层,金属基底为通过机械加工的铁基材料,复合耐磨涂层组成成分按重量百分含量包括：聚酰亚胺99%~99.9%；固体润滑剂0.1%~1%；固体润滑剂是氟化石墨烯片；制备方法包括以下步骤：(ⅰ)复合耐磨涂料的制备；(ⅱ)复合耐磨涂层的涂覆；(ⅲ)复合耐磨涂层的烧结。本发明复合耐磨涂层以聚酰亚胺为基体,添加氟化石墨烯制成自润滑合耐磨涂层后,在三种工况条件下其抗磨损性能远优于纯的聚酰亚胺涂层；所使用固体润滑剂氟化石墨烯片的添加量很少,有效节约了资源,避免团聚现象的发生；制备工艺简单,经济实用...",中国专利,,CNKI
Patent,1,白树林;张亚飞,一种垂直取向石墨烯片/高聚物热界面材料的制备方法,100871 北京市海淀区颐和园路五号北京大学,2016-05-04,CN105542728A,发明专利,"本发明提供了一种超高导热垂直取向石墨烯/聚合物热界面材料的制备方法,属于散热材料的制备领域。该方法首先制备具有超高热导率的石墨烯纳米片；然后利用热压成型工艺将石墨烯纳米片制成一定厚度的薄膜；最后在薄膜表面浸润一层聚合物(如PDMS)后将其卷绕成一个圆柱体,石墨烯薄膜在其内部垂直排列。本发明工艺简单,流程易控制,工业生产方便,适于批量生产。由于使用了热压工艺,石墨烯不仅不会团聚,而且在内部为连续结构,形成了导热网络,利于热量的快速通过。此垂直取向石墨烯/聚合物复合材料具有超高热导率,可广泛用于LED照明、电磁屏蔽、电子信息、通讯设备、航空航天、汽车和家用电器等领域。",中国专利,,CNKI
Patent,1,张跃华;张睿智;张其平;胡兰萍;雷武;郝青丽;夏明珠;王风云,聚咔唑/氮掺杂石墨烯修饰电极的用途,226019 江苏省南通市啬园路9号,2016-05-04,CN105548309A,发明专利,"本发明公开了一种聚咔唑/氮掺杂石墨烯修饰电极及制备方法和用途,电极由玻碳电极作为基底,导电聚合物聚咔唑与氮掺杂石墨烯组成。本发明采用滴涂和聚合两步法获得PCZ/N-GE修饰玻碳电极,使PCZ和N-GE两种组分产生更明显的协同作用,使得其对对硝基苯酚的还原具有较强的催化作用,还原电位增加明显。所用的原料易得,且药品用量少。制备方法简单快速,重复性好,制备得到的电极环境稳定性好。",中国专利,,CNKI
Patent,1,夏烬楚,一种多层石墨烯污点激光检测装置,610000 四川省成都市武侯区龙门巷6号1栋2单元12号,2016-05-04,CN205209988U,实用新型,"本实用新型涉及一种多层石墨烯污点激光检测装置,包括：机架和设置在机架上的扫描机构、控制器、操作机构、拍照机构、图像处理器、密封罩、鼓风器、及抽真空器；采用聚合性更好的激光进行逐一扫描具有更强的精确性和防错性,激光传感器采集激光信号,有控制单元分析,其不透光的特性能够便于试验,具有防止其他光的干扰而影响测试结果；通过两个或两个以上的激光发生器,产生不同的激光,进行扫描,第一次的扁平激光,能够具有更快的扫描速度,同时能够避免减少扫描的时间,第二次扫描是对第一扫描发现问题的位置进行定位,其定位的,利用柱形激光进行扫描,能够实现对精确定位；避免重复定位的重复劳动。",中国专利,,CNKI
Patent,1,张冬至;孙延娥;张勇;张宗波;马振龙,一种基于二氧化锡/类石墨烯二硫化钼薄膜的湿度传感器,266580 山东省青岛市黄岛区长江西路66号,2016-04-27,CN105527325A,发明专利,"本发明公开了一种基于二氧化锡/类石墨烯二硫化钼薄膜的湿度传感器,包括湿度传感元件、电容-电压转换电路、STM32F103微处理器、SI4432无线通讯模块、声光报警器。湿度传感元件采用二氧化锡/类石墨烯二硫化钼薄膜作为湿敏传感薄膜,沉积在具有回形叉指电极的聚对苯二甲酸乙二醇酯衬底上。通过测量二氧化锡/类石墨烯二硫化钼薄膜湿度传感元件的电容变化实现对环境湿度的检测,具有数据采集、存储、显示以及声光报警功能,将监测数据传送给上位机及无线远程通讯,并根据设定值做出警报,可实现有效的实时监控和管理。该传感器具有高灵敏度、响应快、稳定可靠的优点,适用于物联网环境湿度实时监测。",中国专利,,CNKI
Patent,1,赵乃勤;张翔;何春年;师春生;刘恩佐;李家俊,原位合成三维石墨烯增强铜基复合材料制备方法,300072 天津市南开区卫津路92号,2016-04-27,CN105525124A,发明专利,"本发明涉及一种原位合成三维石墨烯增强铜基复合材料制备方法,包括：以三水合硝酸铜为铜源与固体碳源葡萄糖或柠檬酸与水溶性盐模板氯化钠混合,之后加入去离子水中溶解,搅拌均匀,得到前驱体溶液；冷冻干燥脱水得到混合粉末前驱体；升温至600～800℃,保温1～3h,之后快速降温冷却,得到自组装体粉末；抽滤洗去氯化钠,真空干燥；倒入硝酸铜的乙醇溶液；水浴蒸干,并于真空干燥；在气氛保护下,升温至600～800℃,保温1～3h,随炉降温,得到三维石墨烯-铜颗粒复合粉末；真空热压烧结技术成型。本发明所制得的块体材料具有石墨烯分散性好、与铜基体结合紧密的特点；同时具有强韧兼备的优异力学性能。",中国专利,,CNKI
Patent,1,张新疆;张本国;陈勇;晁月雨,一种短碳纤维复合石墨烯强化铜基耐磨材料及其制备方法,224051 江苏省盐城市希望大道中路1号,2016-05-04,CN105543545A,发明专利,"本发明公开了一种短碳纤维复合石墨烯强化铜基耐磨材料及其制备方法,解决了短碳纤维和石墨烯在基体中分散不均的问题,获得了铜基复合材料良好的耐磨性能。所述短碳纤维复合石墨烯强化铜基耐磨材料含有下列重量百分比的化学成分：短碳纤维0.5-3.0wt％,石墨烯1.0-4.0wt％,余量为Cu。该短碳纤维复合石墨烯强化铜基耐磨材料的制备方法包括复合材料混合粉体的制备及复合材料的烧结两个步骤。本发明石墨烯/铜基复合材料的生产工艺简单,提高了生产效率,降低了生产成本,制备出的复合材料组织致密,摩擦系数低,耐磨性佳。",中国专利,,CNKI
Patent,1,夏燎原,一种带石墨烯面层的烧结舟皿,410000 湖南省长沙市韶山南路498号,2016-04-27,CN205183781U,实用新型,"一种带石墨烯面层的烧结舟皿,包括石墨基板以及成型在石墨基板上的碳/碳复合材料层,所述碳/碳复合材料层上表面上成型有若干平行的通槽,且在通槽位置上成型有下部截面与通槽一致、上部截面为半圆形或者三角形的石墨棒,而在所述碳/碳复合材料层以及石墨棒的表层上成型有一层双原子石墨烯膜层,并在此双原子石墨烯膜层表层上喷涂有一层氧化锆粉层。本实用新型工艺简单,加工方便,能使长条与棒材等产品装在舟皿上固定不动,可广泛应用于粉末冶金行业。",中国专利,,CNKI
Patent,1,韩二锋,一种石墨烯耐温导热膜,312000 浙江省绍兴市世纪东街770号,2016-04-27,CN105522770A,发明专利,"本发明公开了一种石墨烯耐温导热膜,包括智能感应膜、智能感应膜两侧的石墨烯导热膜和最外层的防护膜。本发明具有隔热性能好、红外线反射率较高、可见光反射率外高内低、准单向透视的优点。",中国专利,,CNKI
Patent,1,王丽果,一种石墨烯功能鞋垫,462000 河南省漯河市人民东路197号,2016-05-04,CN205197168U,实用新型,"本实用新型涉及鞋材领域,尤其涉及一种石墨烯功能鞋垫。鞋垫为三层结构,从上到下依次为涤麻面布层、石墨烯海绵层和TPU支撑,相邻两层之间胶粘成型,在脚腰部位设置有与脚腰形状相适配的向上的弧面,鞋垫正面后脚跟处有窝形突出,TPU支撑下方在脚掌的部位设有防滑凸起。本实用新型的有益效果是：上层采用涤麻面布层,柔软舒适,透气性好,提高鞋垫的排汗导汗性能；底层采用TPU支撑,具有良好的耐磨性,弹性好,可有效提高鞋垫的减震性能；由于石墨烯海绵层的防刺穿强度足够高,能有效地阻挡住尖利物品伤及人体,在用作鞋垫时可有效地保护脚掌；TPU支撑下方在脚掌的部位设有防滑凸起,能有效防止在行走过程中鞋垫在鞋内蹿动。",中国专利,,CNKI
Patent,1,韩亚西;徐立栗,石墨烯光伏恒温杯,213031 江苏省常州市新北区太湖东路9号4幢319室,2016-05-04,CN105534219A,发明专利,"本发明涉及一种石墨烯光伏恒温杯,包括杯体、供电模块和石墨烯加热膜,供电模块向石墨烯加热膜供电,使石墨烯加热膜通过杯体的杯壁加热杯体内的承载物,供电模块包括光伏电池,光伏电池直接向石墨烯加热膜供电；或者,所述的供电模块包括光伏电池和储能模块,光伏电池通过储能模块储能,由储能模块向石墨烯加热膜供电。本发明的有益效果是：本恒温杯能够充分利用自然环境的太阳光调节杯体内的液体的温度,使杯体内的液体的温度始终处于适合人饮用的范围,而且该恒温杯采用石墨烯加热膜作为加热装置,其具有厚度薄,能源利用率高,加热迅速的优点,不会大大增加杯子整体的体积,适合普通消费者使用,具有极大的产业化推广价值。",中国专利,,CNKI
Patent,1,张建刚;张重静;王兰芳,一种含氧化石墨烯抗菌防霉壁纸的制备方法,315000 浙江省宁波市江东区樟树街708号,2016-05-04,CN105544306A,发明专利,"本发明涉及一种含氧化石墨烯抗菌防霉壁纸的制备方法及由此获得的抗菌防霉壁纸,所述制备方法包括：该方法包括：将制备的抗菌防霉剂经喷洒工艺均匀分布在基纸上,即得抗菌防霉酶壁纸。纳米氧化石墨烯、野百合提取物以及纳米氧化铈的协同作用下,显著地提高了其抗菌防霉除异味的效果,其防霉等级为0级,对金色葡萄球菌和大肠杆菌的抗菌率最高可达99.9％、霉菌100％。另在其本身不含甲醛等有毒物质的同时,对甲醛的吸附效果更是可达到98％,有利于家居环境的改善,给使用者带来身心上的愉悦感,提高了其使用价值及经济效益。",中国专利,,CNKI
Patent,1,潘正高,基于石墨烯的智能控制透光窗帘,400015 重庆市渝北区江北机场重庆机场集团航站楼管理部,2016-05-04,CN105534259A,发明专利,"本发明提供的基于石墨烯的智能控制透光窗帘,包括窗帘本体和用于改变窗帘本体透光率的控制单元,所述窗帘本体由石墨烯制成；本发明通过利用石墨烯特性,将石墨烯作为电极,并在两层石墨烯中间加载液晶,通过控制两层石墨烯之间的电压,对液晶翻转比例进行控制,从而实现对透过率的调节,实现窗帘的阻隔功能。本发明可以根据用户的实际需求,自由改变室内的光照强度,有效的防护室外紫外线的照射,能有效地降低室内能量消耗,达到保温的功能。",中国专利,,CNKI
Patent,1,路建美;陈冬ￚS;郑媛,一种负载脱氮副球菌的改性氧化石墨烯复合材料及其制备方法和用途,215137 江苏省苏州市相城区济学路8号,2016-05-04,CN105540869A,发明专利,"本发明公开了一种负载脱氮副球菌的改性氧化石墨烯复合材料及其制备方法和用途。该复合材料通过包括下列步骤的制备方法制得：1)氧化石墨烯的制备；2)改性氧化石墨烯的制备；3)脱氮副球菌的驯化和固定化。本发明的制备方法中所采用的原材料成本低廉、容易获得；操作简单、方便,整个过程中没有使用昂贵的设备；本发明的复合材料可以完全去除废水中的DMF,并且处理效率高、可再重复性好、经济环保、可行性强。",中国专利,,CNKI
Patent,1,滕应;甘信宏;任文杰;蒋永华;栗建民;郝建东;骆永明;朱尚仪,磺化石墨烯在修复多环芳烃污染土壤中的应用,215125 江苏省苏州市苏州工业园区星湖街218号生物纳米园A4-112,2016-05-04,CN105537255A,发明专利,"磺化石墨烯在修复多环芳烃污染土壤中的应用,按土液比2g:(10~40)mL,向土壤中加入磺化石墨烯淋洗液,置于离心管中；超声波强化30分钟后,置于振荡机上,室温150rpm振荡淋洗24h；振荡完毕后离心弃去上清液完成修复。本发明利用磺化石墨烯能够有效的去除污染土壤中的PAHs,使PAHs去除率高达84%以上。在同等淋洗条件下(淋洗液浓度、土液比、淋洗次数等),SGO淋洗污染土壤PAHs的去除率分别是甲基-β-环糊精(甲基-β-MCD)和聚山梨酯(TW80)淋洗去除率的150%和200%以上。",中国专利,,CNKI
Patent,1,王挺;许智勇;祝轶琛;吴礼光,一种TiO2-还原石墨烯复合材料及其制备方法和在人工海水体系中的应用,310018 浙江省杭州市下沙高教园区学正街18号,2016-05-04,CN105540733A,发明专利,"本发明公开了一种TiO2-还原石墨烯复合材料及其制备方法和在人工海水体系中的应用,制备方法包括(1)将氧化石墨烯、无水乙醇和去离子水混合,水浴中搅拌至形成平衡的吸附体系；(2)将溶解有钛酸四丁酯的无水乙醇溶液滴加到所得吸附体系中,反应得到到包含TiO2-氧化石墨烯粒子的悬浮体系；(3)将所得悬浮体系移入高压釜中,密闭后进行热处理；(4)热处理反应液冷却后分离,经洗涤和烘干处理后即得。本发明方法合成工艺简单,使用本发明得到的TiO2成锐钛矿结晶、尺寸在1～20nm。可以在人工海水体系中高效光降解去除苯酚,通过调整反应和热处理参数即...",中国专利,,CNKI
Patent,1,郑祥源,一种石墨烯/钢铁复合材料的制备方法,350013 福建省福州市金鸡山路57号福建省军区第六干休所27-302,2016-05-04,CN105537877A,发明专利,"本发明是一种石墨烯/钢铁复合材料的制备方法。该方法首先将分散的石墨烯溶液与聚乙烯吡咯烷酮溶液均匀混合制备出石墨烯/聚乙烯比诺烷酮混合浆料,然后通过喷涂的方式将石墨烯/聚乙烯比诺烷酮混合浆料喷涂到钢铁的表面,之后加热去除涂层中的聚乙烯比诺烷酮,最后将钢铁材料叠合采用热轧的方式制备出石墨烯钢铁复合材料。本发明通过使用石墨烯/聚乙烯比诺烷酮浆料与钢铁材料复合,石墨烯的分散性可以得到保证,之后采用热轧的工艺有利于石墨烯均匀分散到钢铁材料基体中,发挥石墨烯的强化效果。本发明能够在较好的保留石墨烯钢铁材料物性的前提下实现了石墨烯与钢铁材料的分子结合,而且本发明工艺简单,易于实现大批量大尺寸的石墨烯钢铁材料...",中国专利,,CNKI
Patent,1,颜识涵;魏东山;施长城;李占成;史浩飞;杜春雷;崔洪亮,一种基于太赫兹光谱技术测量石墨烯薄膜电导的方法,400714 重庆市北碚区方正大道266号,2016-04-27,CN105527243A,发明专利,"本发明涉及一种基于太赫兹光谱技术测量石墨烯薄膜电导的方法,属于太赫兹光谱检测技术应用领域。该方法包括以下步骤：S1：调节获得适应于测量薄膜的太赫兹时域光谱系统光路；S2：测量获取基底材料的太赫兹时域波谱信号；S3：测量获取转移石墨烯薄膜后基底材料的太赫兹时域波谱信号；S4：根据步骤S2和S3采集的信号,利用公式计算太赫兹波段石墨烯电导；S5：建立通过太赫兹光谱技术获得的电导与采用传统的四探针方法获得的电导之间标准关系曲线,获得关联因子；根据关联因子,获得在可见光波段石墨烯电导。该方法适合对转移到半导体或高分子基底上的石墨烯进行检测,同时也适合推广到其他半导体薄膜电导的检测。",中国专利,,CNKI
Patent,1,陆荣国;田朝辉;寿晓峰;叶胜威;陈德军;张尚剑;刘永,基于石墨烯-硫系玻璃微环谐振腔的中红外电光调制器,611731 四川省成都市高新区(西区)西源大道2006号,2016-05-04,CN105549229A,发明专利,"本发明公开了基于石墨烯-硫系玻璃微环谐振腔的中红外电光调制器,包括基底层,直光波导和微环谐振腔波导都埋入基底层,微环谐振腔波导的一段上表面铺设有第一石墨烯层、第二石墨烯层,第一石墨烯层和第二石墨烯层间铺设有隔离层,并分别从微环谐振腔波导两侧延伸出来分别连接第一电极和第二电极。本发明直光波导和微环谐振腔波导采用硫系玻璃作为波导材料,硫系玻璃具有良好的非晶态特性和热稳定性,且对中红外光谱具有较宽且平坦的透过窗口；通过外加偏置电压调谐石墨烯对光的吸收来调控直光波导与微环谐振腔波导之间的光耦合,实现对中红外光信号的调制。本发明且具有较高的调制深度、高调制速率、且与CMOS工艺兼容的优点。",中国专利,,CNKI
Patent,1,郭洪云;王福山,轮胎(石墨烯导静电-SMX),266000 山东省青岛市高新技术产业开发区松园路17号C1楼4层,2016-04-27,CN303654630S,外观设计,"1．本外观设计产品的名称：轮胎(石墨烯导静电-SMX)。2．本外观设计产品的用途：本外观设计产品用于车辆。3．本外观设计产品的设计要点：在于轮胎外表面花纹的设计。4．最能表明本外观设计设计要点的图片或照片：主视图。5．省略视图：本外观设计产品为圆形,主视图与后视图相同,省略后视图；#仰视图与俯视图相同,省略俯视图；左视图与右视图相同,省略右视图。",中国专利,,CNKI
Patent,1,吴敏春;冯冠平,一种基于石墨烯技术的发热挡风玻璃系统,201213 上海市浦东新区郭守敬路351号2号楼A665-30室,2016-05-04,CN105539368A,发明专利,"本发明涉及一种基于石墨烯技术的发热挡风玻璃系统,具有汽车玻璃除霜功能,包括汽车挡风玻璃,还包括相连接的石墨烯发热膜组件和发热控制器,所述石墨烯发热膜组件包括石墨烯发热片和用于封装石墨烯发热片的粘贴膜层,所述石墨烯发热膜组件通过粘贴膜层贴设于汽车挡风玻璃内侧,进行除霜时,发热控制器控制石墨烯发热膜组件的工作状态及温度,加热汽车挡风玻璃。与现有技术相比,本发明具有加热快速、环保节能等优点。",中国专利,,CNKI
Patent,1,吴敏春;冯冠平,一种基于石墨烯技术的预装汽车挡风玻璃发热膜,201213 上海市浦东新区郭守敬路351号2号楼A665-30室,2016-05-04,CN105539086A,发明专利,"本发明涉及一种基于石墨烯技术的预装汽车挡风玻璃发热膜,粘贴在汽车挡风玻璃内表面,用于为汽车挡风玻璃除霜,包括石墨烯发热膜本体(9)和控制器,石墨烯发热膜本体(9)粘贴在汽车挡风玻璃内表面,并与控制器连接,控制器集成在汽车原有的控制系统中,通过控制器控制石墨烯发热膜本体(9)发出远红外辐射波并调节石墨烯发热膜本体(9)的温度。与现有技术相比,本发明具有结构简单、设置合理、操作方便、节能环保等优点。",中国专利,,CNKI
Patent,1,李璐;屈晓兰,一种基于氧化石墨烯制备高定向热解石墨的方法,214174 江苏省无锡市惠山经济开发区堰新路311号1号楼0120室(开发区),2016-05-04,CN105541328A,发明专利,"本发明公开了一种基于氧化石墨烯制备高定向热解石墨膜的方法,包括如下步骤：1)将氧化石墨烯粉末加入到水中,超声分散,得到氧化石墨烯水溶液；2)在氧化石墨烯水溶液中加入导电高分子和高纯石墨,充分混合均匀,得到氧化石墨烯混合溶液；3)在基材均匀涂覆氧化石墨烯混合溶液,预干燥固化,滚压均匀,再干燥,得到石墨烯薄膜；4)将所述石墨烯薄膜置于石墨炉中,在惰性气体保护下进行石墨化处理,结束后自然冷却,得到高定向热解石墨膜。本发明与传统工艺利用具有高定向度的有机高分子膜制备高定向热解石墨膜的方法相比,省略了炭化这一过程,工艺简单,生产成本低,且得到的高定向热解石墨膜形状、厚度可控,具有较好的导热功能。",中国专利,,CNKI
Patent,1,叶光明,石墨烯发热吊顶的加热芯子,318020 浙江省台州市黄岩区桔乡大道388号,2016-05-04,CN205208698U,实用新型,"石墨烯发热吊顶的加热芯子,所述的加热芯子由下往上依次设置第一绝缘层、铜箔导电片、石墨烯发热层、第二绝缘层和隔热层,铜箔导电片连接电源,第一绝缘层和第二绝缘层为环氧聚酯板由高温固化连接,将铜箔导电片和石墨烯发热层封闭在中间。由本加热芯子制成的吊顶使室内受热均匀、温和,对空气干湿影响小,保持人体皮肤润滑,使鼻腔呼吸道免受伤害,感觉舒适。",中国专利,,CNKI
